Id,Soort,Onderwerp,Datum,Aanvangstijd,Eindtijd,Status,Vergaderjaar,Kamer
1573af00-ec77-4d11-ab11-0000f5f846b5,Inbreng verslag (wetsvoorstel),Wet vrij en veilig onderwijs,2025-09-11T10:00:00+02:00,2025-09-11T10:00:00+02:00,2025-09-11T10:00:00+02:00,Uitgevoerd,2024-2025,Tweede Kamer
b7cf7dfc-1f46-4351-b2a5-000236b07ffa,Procedurevergadering,Procedures en brieven ,2019-11-07T13:30:00+01:00,2019-11-07T13:30:00+01:00,2019-11-07T14:30:00+01:00,Uitgevoerd,2018-2019,Tweede Kamer
4e9a6798-b365-48b1-bf81-0002b17c9820,Plenair debat (debat),Debat over ProRail (derde termijn),2015-11-09T00:00:00+01:00,,,Geannuleerd,2014-2015,Tweede Kamer
ed23ae00-69bc-423b-b10e-0002e034f69f,Stemmingen,Stemmingen,2016-05-31T15:00:00+02:00,2016-05-31T15:00:00+02:00,2016-05-31T23:59:00+02:00,Uitgevoerd,2015-2016,Tweede Kamer
e7fa78c5-bae3-4b85-9c5e-0003e4d13cde,Stemmingen,Aansluitend aan de Regeling van werkzaamheden: STEMMINGEN (over moties ingediend op 27 mei jl. bij het VAO Biotechnologie en kwekersrecht en moties ingediend bij het VAO Milieuraad),2014-06-11T13:55:00+02:00,2014-06-11T13:55:00+02:00,2014-06-11T23:59:00+02:00,Uitgevoerd,2013-2014,Tweede Kamer
aa6c7f7f-3920-47c9-b8f7-00058dbcf7df,Inbreng feitelijke vragen,Wijziging van de begrotingsstaten van van het Ministerie van Defensie voor het jaar 2023 (wijziging samenhangende met de Miljoenennota),2023-09-25T14:00:00+02:00,2023-09-25T14:00:00+02:00,2023-09-25T14:00:00+02:00,Uitgevoerd,2022-2023,Tweede Kamer
a7fd76b6-2919-42a1-af01-00063f72cfdc,Algemeen overleg,Georganiseerde criminaliteit/financieel-economische criminaliteit,2013-05-23T10:00:00+02:00,2013-05-23T10:00:00+02:00,2013-05-23T13:00:00+02:00,Verplaatst,2012-2013,Tweede Kamer
b80fc264-3451-47fa-955e-0008d941deea,Commissiedebat,Raad Buitenlandse Zaken Ontwikkeling van 21 november 2025 (RBZ geannuleerd),2025-11-19T13:00:00+01:00,2025-11-19T13:00:00+01:00,2025-11-19T16:30:00+01:00,Geannuleerd,2024-2025,Tweede Kamer
41d713c4-73ae-4900-aad6-00099284bec2,E-mailprocedure,Voorstel van het lid Van Campen (VVD) om het wetgevingsoverleg Jaarverslag en Slotwet om te zetten in een schriftelijk overleg ,2022-06-16T14:00:00+02:00,2022-06-16T14:00:00+02:00,2022-06-16T14:00:00+02:00,Uitgevoerd,2021-2022,Tweede Kamer
976e0708-2470-4c71-ba95-000a184c8fbe,Inbreng feitelijke vragen,Slotwet van de Koning 2023 (TK 36560-I),2024-05-23T14:00:00+02:00,2024-05-23T14:00:00+02:00,2024-05-23T14:00:00+02:00,Uitgevoerd,2023-2024,Tweede Kamer
518e434b-3183-401a-8671-000de0d58f84,Regeling van werkzaamheden,Regeling van werkzaamheden,2009-10-27T15:00:00+01:00,2009-10-27T15:00:00+01:00,,Uitgevoerd,2009-2010,Tweede Kamer
249e6613-8056-4268-9970-00108e0d9357,Stemmingen,Einde vergadering: Hoofdelijke Stemmingen,2020-07-02T03:40:00+02:00,2020-07-02T03:40:00+02:00,2020-07-02T05:10:00+02:00,Uitgevoerd,2019-2020,Tweede Kamer
96503c36-0af0-42b1-bee4-00110afd3f55,Regeling van werkzaamheden,Aansluitend aan de Stemmingen: Regeling van werkzaamheden,2020-12-03T15:20:00+01:00,2020-12-03T15:20:00+01:00,2020-12-03T15:21:00+01:00,Uitgevoerd,2020-2021,Tweede Kamer
b05fce3d-9658-4887-889c-0011a78a053a,Algemeen overleg,Eerstelijnszorg (tot nader order uitgesteld),2016-02-03T14:00:00+01:00,2016-02-03T14:00:00+01:00,2016-02-03T17:00:00+01:00,Verplaatst,2014-2015,Tweede Kamer
d12f64d4-62b1-4e40-b4d5-0011f2f79a42,Technische briefing,Exportbeperkende maatregelen halfgeleidertechnologie,2024-04-24T14:00:00+02:00,2024-04-24T14:00:00+02:00,2024-04-24T15:00:00+02:00,Uitgevoerd,2023-2024,Tweede Kamer
2e2fe936-6a59-41d3-947c-00130aeb3349,Petitie,Inwerkingtreding Algemene Verordening Gegevensbescherming en ouderlijke toestemmingsvereiste (verplaatst naar 24 oktober 2017),2017-10-10T13:45:00+02:00,2017-10-10T13:45:00+02:00,2017-10-10T14:00:00+02:00,Verplaatst,2017-2018,Tweede Kamer
984d1226-aa76-45a1-b427-00147df676c3,Inbreng feitelijke vragen,Rekenkamerrapport bij de Nationale Verklaring 2016 (vragen aan het kabinet),2016-05-26T14:00:00+02:00,2016-05-26T14:00:00+02:00,2016-05-26T14:00:00+02:00,Uitgevoerd,2015-2016,Tweede Kamer
efc361a9-c2f1-4f56-992f-0014cec8385c,Algemeen overleg,Visserij,2009-03-18T16:45:00+01:00,2009-03-18T16:45:00+01:00,2009-03-18T18:45:00+01:00,Uitgevoerd,2008-2009,Tweede Kamer
fb248fe7-a976-408d-9276-0015d744a632,Plenair debat (tweeminutendebat),VAO Grensoverschrijdende samenwerking (AO d.d. 28/1),2009-02-17T17:30:00+01:00,2009-02-17T17:30:00+01:00,,Uitgevoerd,2008-2009,Tweede Kamer
7b5c350e-5ac9-4e76-969c-00169a725f93,Technische briefing,Inburgering en integratie - wordt tot nader order uitgesteld,2024-02-28T15:45:00+01:00,2024-02-28T15:45:00+01:00,2024-02-28T17:15:00+01:00,Verplaatst,2023-2024,Tweede Kamer
820645a7-e18e-459b-aa69-0016a64c0cca,Technische briefing,Voorbereidingen aangaande scenario's voor Brexit (contingency planning) ,2018-10-10T16:30:00+02:00,2018-10-10T16:30:00+02:00,2018-10-10T18:00:00+02:00,Uitgevoerd,2017-2018,Tweede Kamer
76b50c8a-fb85-420f-ae85-0016cc4fa486,Commissiedebat,Hoofdlijnennotitie herziening Wiv 2017,2024-10-23T13:30:00+02:00,2024-10-23T13:30:00+02:00,2024-10-23T17:30:00+02:00,Uitgevoerd,2023-2024,Tweede Kamer
16ee3e46-504d-4a3f-b357-001787f5821e,Procedurevergadering,Procedurevergadering LVVN,2025-05-21T11:15:00+02:00,2025-05-21T11:15:00+02:00,2025-05-21T12:15:00+02:00,Uitgevoerd,2024-2025,Tweede Kamer
93123cfa-808d-4f53-8bf5-00180d95fbe5,Werkbezoek,Commando Luchtstrijdkrachten,2015-09-25T12:00:00+02:00,2015-09-25T12:00:00+02:00,2015-09-25T17:00:00+02:00,Uitgevoerd,2015-2016,Tweede Kamer
3e745d00-c657-4a9a-a522-00188e021674,Gesprek,Ontvangst delegatie van het parlement uit Nordrhein - Westfalen,2011-09-15T18:30:00+02:00,2011-09-15T18:30:00+02:00,2011-09-15T21:00:00+02:00,Uitgevoerd,2010-2011,Tweede Kamer
c571226a-09b3-4e41-beba-001938a2009d,Algemeen overleg,Regionale benadering binnen ontwikkelingssamenwerking verplaatst naar 22 maart,2012-03-21T10:00:00+01:00,2012-03-21T10:00:00+01:00,2012-03-21T12:00:00+01:00,Verplaatst,2011-2012,Tweede Kamer
8fc13e1d-d875-46d1-bdf0-001b3f52e5d9,E-mailprocedure,Verzoek brief Hongarije inzake wettelijk verbod op Pride-marsen,2025-03-21T14:00:00+01:00,2025-03-21T14:00:00+01:00,2025-03-21T14:00:00+01:00,Uitgevoerd,2024-2025,Tweede Kamer
846445ed-9377-4ded-b7f7-001c14965591,Commissiedebat,Vreemdelingen- en asielbeleid,2022-06-30T14:30:00+02:00,2022-06-30T14:30:00+02:00,2022-06-30T18:00:00+02:00,Uitgevoerd,2021-2022,Tweede Kamer
9a322dd5-e4d8-484c-aa43-001c73ddef9b,Inbreng schriftelijk overleg,Herijking Wgp-maximumprijzen per 1 april 2021 en aanbieding ontwerpregeling,2021-01-13T14:00:00+01:00,2021-01-13T14:00:00+01:00,2021-01-13T14:00:00+01:00,Uitgevoerd,2020-2021,Tweede Kamer
d3829d63-88ad-48bb-934d-001ee40f52d8,Werkbezoek,Besloten werkbezoek aan de Autoriteit Financiële Markten (AFM),2009-05-25T11:00:00+02:00,2009-05-25T11:00:00+02:00,2009-05-25T14:00:00+02:00,Uitgevoerd,2008-2009,Tweede Kamer
c191682a-a5e5-432f-b928-001f5360629e,Procedurevergadering,Procedurevergadering commissie voor Binnenlandse Zaken (videoverbinding),2020-09-03T11:30:00+02:00,2020-09-03T11:30:00+02:00,2020-09-03T12:30:00+02:00,Uitgevoerd,2019-2020,Tweede Kamer
283133b3-21f3-459a-920b-001f60069c4a,Vragenuur,Vragenuur,2016-05-24T14:00:00+02:00,2016-05-24T14:00:00+02:00,2016-05-24T23:59:00+02:00,Uitgevoerd,2015-2016,Tweede Kamer
14f46523-c31c-4299-b2eb-001f80639af4,Stemmingen,Aansluitend aan het VSO: stemmingen (over de incidentele suppletoire begroting DNB winstafdracht (33 548) en moties ingediend bij het VSO contractonderhandelingen GGZ-sector),2013-02-28T17:50:00+01:00,2013-02-28T17:50:00+01:00,2013-02-28T23:59:00+01:00,Uitgevoerd,2012-2013,Tweede Kamer
3793e0a1-264b-4c29-84a0-001fba21fb9f,Wetgevingsoverleg,Wet aanvullende regelingen hersteloperatie toeslagen,2023-06-12T18:00:00+02:00,2023-06-12T18:00:00+02:00,2023-06-12T23:00:00+02:00,Uitgevoerd,2022-2023,Tweede Kamer
c3823ae4-b43b-43cb-8219-001fc4d50f94,E-mailprocedure,"Verzoek van het lid Van Strien (VVD) om een technische briefing over wetsvoorstel Wet veiligheidstoets investeringen, fusies en overnames (Kamerstuk 35880)",2022-03-28T15:00:00+02:00,2022-03-28T15:00:00+02:00,2022-03-28T15:00:00+02:00,Uitgevoerd,2021-2022,Tweede Kamer
dabcbd96-4749-4702-9b5f-0020cc00a5eb,Plenair debat (tweeminutendebat),Tweeminutendebat Bestuurlijke organisatie en democratie (CD 12/2),2025-05-21T18:45:00+02:00,2025-05-21T18:45:00+02:00,2025-05-21T19:10:00+02:00,Uitgevoerd,2024-2025,Tweede Kamer
d38451b4-e095-445f-8720-0023be082e6a,Inbreng feitelijke vragen,Wijziging van de begrotingsstaten van Buitenlandse Handel en Ontwikkelingssamenwerking voor het jaar 2015 ,2015-12-03T14:00:00+01:00,2015-12-03T14:00:00+01:00,2015-12-03T14:00:00+01:00,Uitgevoerd,2015-2016,Tweede Kamer
18f5fe08-de4a-4b45-a4e8-0025c62d2413,Inbreng verslag (wetsvoorstel),Wijziging van de Gaswet en Mijnbouwwet in verband met de beëindiging van de gaswinning uit het Groningenveld,2023-12-21T14:00:00+01:00,2023-12-21T14:00:00+01:00,2023-12-21T14:00:00+01:00,Uitgevoerd,2023-2024,Tweede Kamer
6e997a13-804d-463a-a892-00272b49bdc1,E-mailprocedure,"[SPOED EMAILPROCEDURE] Voorstel van het lid Lodders (VVD) om vóór aanvang van de Extra Landbouwraad van a.s. maandag een brief van de staatssecretaris van EZ te ontvangen met een reactie op het bericht dat de Franse regering 3 miljard euro steun, bovenop de reeds toegezegde 600 miljoen euro, aan de Franse varkenshouders heeft toegezegd, waarin de staatssecretaris ook ingaat op de hieronder genoemde specifieke vragen",2015-09-04T15:30:00+02:00,2015-09-04T15:30:00+02:00,2015-09-04T15:30:00+02:00,Uitgevoerd,2014-2015,Tweede Kamer
35affaba-f1da-48b4-80fe-002850614129,Inbreng verslag (wetsvoorstel),Wijziging van de Wet natuurbescherming en de Omgevingswet (stikstofreductie en natuurverbetering),2020-11-09T12:00:00+01:00,2020-11-09T12:00:00+01:00,2020-11-09T12:00:00+01:00,Uitgevoerd,2020-2021,Tweede Kamer
2acb622c-88c2-42f4-867f-0028e8d57e5d,Beëdiging,Beëdiging van mw. A. Hazekamp (PvdD),2012-01-24T15:01:00+01:00,2012-01-24T15:01:00+01:00,2012-01-24T23:59:00+01:00,Uitgevoerd,2011-2012,Tweede Kamer
fb05fa5f-125e-4d5b-a24d-00296c83fd78,Plenair debat (dertigledendebat),Dertigledendebat over de toegenomen arbeidsmigratie uit Zuid- en Oost-Europa ,2013-05-30T16:15:00+02:00,2013-05-30T16:15:00+02:00,2013-05-30T23:59:00+02:00,Uitgevoerd,2012-2013,Tweede Kamer
af900880-ad53-4ea7-9d18-002988729183,Algemeen overleg,Rapportage mbo 2010,2010-04-14T10:00:00+02:00,2010-04-14T10:00:00+02:00,2010-04-14T13:00:00+02:00,Uitgevoerd,2009-2010,Tweede Kamer
1a20ed4c-2d9b-448f-ba61-0029b71861a1,Inbreng verslag (wetsvoorstel),"Goedkeuring van het op 15 juni 2005 te 's Gravenhage tot stand gekomen Verdrag inzake sociale zekerheid tussen het Koninkrijk der Nederlanden en de Republiek Chili houdende herziening van het Verdrag inzake sociale zekerheid tussen het Koninkrijk der Nederlanden en de Republiek Chili, getekend te Santiago op 10 januari 1996 (Trb.2005, 194) (33809)",2015-01-23T14:00:00+01:00,2015-01-23T14:00:00+01:00,2015-01-23T14:00:00+01:00,Uitgevoerd,2014-2015,Tweede Kamer
5e41e426-fffc-4ff1-b7b5-002a90d43165,Inbreng feitelijke vragen,Strategisch Koersdocument 2026 CBR,2022-02-09T12:00:00+01:00,2022-02-09T12:00:00+01:00,2022-02-09T12:00:00+01:00,Uitgevoerd,2021-2022,Tweede Kamer
2ceac924-d7fa-49ee-860c-002af8a756ea,Regeling van werkzaamheden,Regeling van werkzaamheden,2023-03-07T15:30:00+01:00,2023-03-07T15:30:00+01:00,2023-03-07T16:15:00+01:00,Uitgevoerd,2022-2023,Tweede Kamer
e82f7c89-e6f8-4b97-a3d7-002d6fd4a634,Beëdiging,Beëdiging van de leden,2012-09-20T13:00:00+02:00,2012-09-20T13:00:00+02:00,2012-09-20T23:59:00+02:00,Uitgevoerd,2012-2013,Tweede Kamer
e481051c-baa8-406e-8621-002db8bf53b9,Hamerstukken,Wijziging van de Wet inburgering 2021 (36535),2025-02-06T10:15:00+01:00,2025-02-06T10:15:00+01:00,2025-02-06T10:16:00+01:00,Uitgevoerd,2024-2025,Tweede Kamer
1e1746e6-6cb6-43ea-a156-002f5e4ba947,Petitie,Aanbieding Zwartboek stemmen in het buitenland door de Wereldomroep,2010-06-29T13:45:00+02:00,2010-06-29T13:45:00+02:00,2010-06-29T14:00:00+02:00,Uitgevoerd,2009-2010,Tweede Kamer
8da90c5c-0794-43d4-9e95-0030b691c4b6,Hoorzitting,Hoorzitting met Rijkswaterstaat en de ILT over de besluitvorming rond het gebruik van vervuilende staalslakken,2025-06-03T17:30:00+02:00,2025-06-03T17:30:00+02:00,2025-06-03T19:00:00+02:00,Uitgevoerd,2024-2025,Tweede Kamer
a5d33db5-6ac2-430f-9fe0-0031ac6eb2d4,Plenair debat (wetgeving),Begroting Defensie (34 550-X) (voortzetting),2016-11-17T10:15:00+01:00,2016-11-17T10:15:00+01:00,2016-11-17T23:59:00+01:00,Uitgevoerd,2015-2016,Tweede Kamer
a162a61f-70f8-48a9-b6d5-003226860056,Algemeen overleg,Maatschappelijk Verantwoord Ondernemen ,2012-04-11T10:00:00+02:00,2012-04-11T10:00:00+02:00,2012-04-11T12:00:00+02:00,Uitgevoerd,2011-2012,Tweede Kamer
ab06d1d0-16d4-46dd-bc81-0034527ba936,Inbreng verslag (wetsvoorstel),Wijziging van onder meer de Wet educatie en beroepsonderwijs met het oog op de verbetering van de rechtsbescherming van mbo-studenten,2020-12-03T10:00:00+01:00,2020-12-03T10:00:00+01:00,2020-12-03T10:00:00+01:00,Uitgevoerd,2020-2021,Tweede Kamer
ad299d5f-dc42-4f6f-9ce5-00349fa9c999,Procedurevergadering,Vergadering commissie voor de Werkwijze,2024-11-07T09:30:00+01:00,2024-11-07T09:30:00+01:00,2024-11-07T10:00:00+01:00,Uitgevoerd,2024-2025,Tweede Kamer
fa03d573-22af-4ff0-9002-0034fd14c0ee,Stemmingen,EINDE VERGADERING: STEMMINGEN (over de moties ingediend bij de Algemene Politieke Beschouwingen),2015-09-17T22:55:00+02:00,2015-09-17T22:55:00+02:00,2015-09-17T23:59:00+02:00,Uitgevoerd,2015-2016,Tweede Kamer
69061127-c5c3-4d47-a747-0035fc358183,Wetgevingsoverleg,Verantwoordingsdebat Slotwet 2011 en Jaarverslag OCW 2011,2012-06-20T10:00:00+02:00,2012-06-20T10:00:00+02:00,2012-06-20T13:00:00+02:00,Uitgevoerd,2011-2012,Tweede Kamer
e2e0ac9c-f900-4414-b401-0036c0349edc,Procedurevergadering,Procedurevergadering cie. Binnenlandse Zaken ,2013-04-04T11:30:00+02:00,2013-04-04T11:30:00+02:00,2013-04-04T12:30:00+02:00,Uitgevoerd,2012-2013,Tweede Kamer
96118e4f-6603-4c8e-a305-003b03cc77dd,Regeling van werkzaamheden,Aanvang middagvergadering: Regeling van werkzaamheden,2017-11-08T14:40:00+01:00,2017-11-08T14:40:00+01:00,2017-11-08T15:00:00+01:00,Uitgevoerd,2017-2018,Tweede Kamer
0e2f97b7-e696-477c-8ef9-003b4565f5e0,Algemeen overleg,EU-Sportraad d.d. 13-14 oktober 2011,2011-10-06T10:00:00+02:00,2011-10-06T10:00:00+02:00,2011-10-06T11:30:00+02:00,Uitgevoerd,2011-2012,Tweede Kamer
2f51269f-1377-46b3-968e-003ccb1ba958,Inbreng schriftelijk overleg,"30597-48, Rapport Taskforce Linschoten",2009-03-05T14:00:00+01:00,2009-03-05T14:00:00+01:00,2009-03-05T14:00:00+01:00,Uitgevoerd,2008-2009,Tweede Kamer
16ab2352-bd16-409b-9653-003d68f37e3b,E-mailprocedure,Activiteiten komende week n.a.v. aftreden kabinet,2021-01-18T12:00:00+01:00,2021-01-18T12:00:00+01:00,2021-01-18T12:00:00+01:00,Uitgevoerd,2020-2021,Tweede Kamer
a5fcfc23-85e5-448b-98d8-003de3be1375,Commissiedebat,Medische kindzorg,2023-06-13T17:00:00+02:00,2023-06-13T17:00:00+02:00,2023-06-13T19:00:00+02:00,Uitgevoerd,2022-2023,Tweede Kamer
b9feb165-faeb-4778-9bb0-003f756d0a7a,Vragenuur,Vragenuur,2014-04-08T14:00:00+02:00,2014-04-08T14:00:00+02:00,2014-04-08T23:59:00+02:00,Uitgevoerd,2013-2014,Tweede Kamer
8c30b52d-fe55-42b3-8835-00404114d974,Gesprek,SpaceNed,2011-03-10T13:30:00+01:00,2011-03-10T13:30:00+01:00,2011-03-10T14:30:00+01:00,Uitgevoerd,2010-2011,Tweede Kamer
62da553b-bc23-4527-9fb9-004333184d19,Algemeen overleg,Kinderopvang ,2016-09-28T14:00:00+02:00,2016-09-28T14:00:00+02:00,2016-09-28T17:00:00+02:00,Uitgevoerd,2015-2016,Tweede Kamer
00e80d80-3fd0-4b51-8f34-0043fbcf46da,Inbreng feitelijke vragen,"Rapport van de Algemene Rekenkamer bij het jaarverslag over het Ministerie van Onderwijs, Cultuur en Wetenschap 2019 vragen aan de Rekenkamer ",2020-05-28T10:00:00+02:00,2020-05-28T10:00:00+02:00,2020-05-28T10:00:00+02:00,Uitgevoerd,2019-2020,Tweede Kamer
d56e4e22-b3f5-4d51-8e88-00441713df36,Inbreng schriftelijk overleg,Fokuswonen en keuze van dienstverlening - 30597-260,2012-11-01T14:00:00+01:00,2012-11-01T14:00:00+01:00,2012-11-01T14:00:00+01:00,Uitgevoerd,2012-2013,Tweede Kamer
865642ff-e6a9-4894-8a20-0044de79973b,Plenair debat (dertigledendebat),Dertigledendebat over de gezondheidseffecten van luchtvervuiling ,2016-01-25T00:00:00+01:00,,,Geannuleerd,2014-2015,Tweede Kamer
202bd406-cdde-406d-a1f8-00461972cd28,Procedurevergadering,Procedurevergadering Financiën ,2009-03-18T16:15:00+01:00,2009-03-18T16:15:00+01:00,2009-03-18T17:15:00+01:00,Uitgevoerd,2008-2009,Tweede Kamer
08e21752-17f8-4f38-8105-0046c7ffbca4,Inbreng feitelijke vragen,A-brief inzake bescherming tegen geïmproviseerde explosieven ,2012-11-22T12:00:00+01:00,2012-11-22T12:00:00+01:00,2012-11-22T12:00:00+01:00,Uitgevoerd,2012-2013,Tweede Kamer
c32d597f-2af4-429c-92dc-004729f520da,Inbreng feitelijke vragen,Rapport resultaten verantwoordingsonderzoek 2024 bij het Provinciefonds (vragen aan de Algemene Rekenkamer) (36740-C-2),2025-05-28T15:00:00+02:00,2025-05-28T15:00:00+02:00,2025-05-28T15:00:00+02:00,Uitgevoerd,2024-2025,Tweede Kamer
abc7840a-4cd0-4a71-a1b4-0047cb3405af,Inbreng feitelijke vragen,Feitelijke vragen ontmoeting met de heer Van Rompuy op 5 juni 2012,2014-05-27T12:00:00+02:00,2014-05-27T12:00:00+02:00,2014-05-27T12:00:00+02:00,Uitgevoerd,2013-2014,Tweede Kamer
115fd252-49cf-4a47-9b0a-004855973cd9,Wetgevingsoverleg,"Raming der voor de Tweede Kamer in 2024 benodigde uitgaven, alsmede aanwijzing en raming van de ontvangsten",2023-06-19T10:00:00+02:00,2023-06-19T10:00:00+02:00,2023-06-19T17:00:00+02:00,Uitgevoerd,2022-2023,Tweede Kamer
7d69d6f0-ea50-40cb-9848-00486947d494,Hamerstukken,"Hamerstuk: Verslagen van de commissie voor de Verzoekschriften en de Burgerinitiatieven (31 756, nrs. 45 t/m 50)",2009-06-11T10:15:00+02:00,2009-06-11T10:15:00+02:00,,Uitgevoerd,2008-2009,Tweede Kamer
f4b97201-bfbf-4323-909a-0049bca4ac7b,Plenair debat (overig),Debat naar aanleiding van de Europese Top van 25 en 26 juni 2015 ,2015-06-30T17:00:00+02:00,2015-06-30T17:00:00+02:00,2015-06-30T23:59:00+02:00,Uitgevoerd,2014-2015,Tweede Kamer
8ce9f613-e5eb-4a6b-a8eb-004b31683cc4,Procedurevergadering,Procedurevergadering LNV,2008-09-30T16:00:00+02:00,2008-09-30T16:00:00+02:00,2008-09-30T17:00:00+02:00,Geannuleerd,2008-2009,Tweede Kamer
dde370ec-ad9f-4d2a-a208-004df30bb70a,Plenair debat (wetgeving),"Begroting Onderwijs, Cultuur en Wetenschap (VIII) (inclusief het onderdeel Groen onderwijs) (voortzetting)",2017-12-07T10:16:00+01:00,2017-12-07T10:16:00+01:00,2017-12-07T17:00:00+01:00,Uitgevoerd,2017-2018,Tweede Kamer
60c10a62-e89f-4938-9c87-004f1bf802a6,Procedurevergadering,Procedurevergadering,2011-12-01T13:00:00+01:00,2011-12-01T13:00:00+01:00,2011-12-01T14:00:00+01:00,Uitgevoerd,2011-2012,Tweede Kamer
4d7172ce-2a32-4a8d-9913-005512a86e01,Technische briefing,Autoriteit Persoonsgegevens (AP) over online openbaarmaking Centraal Archief Bijzondere Rechtspleging (CABR) (geannuleerd),2025-04-02T14:30:00+02:00,2025-04-02T14:30:00+02:00,2025-04-02T15:30:00+02:00,Geannuleerd,2024-2025,Tweede Kamer
aa9fe1d1-0fe4-459d-8313-0055c29dd7f0,Inbreng feitelijke vragen,Wijziging van de begrotingsstaat van het Defensiematerieelbegrotingsfonds voor het jaar 2021,2021-12-06T14:00:00+01:00,2021-12-06T14:00:00+01:00,2021-12-06T14:00:00+01:00,Uitgevoerd,2021-2022,Tweede Kamer
c71f7419-0a93-4970-b7cf-00565a11e936,Inbreng schriftelijk overleg,Initiatiefnota leden Berckmoes-Duindam en Van der Linde over beschermd wonen,2016-11-29T14:00:00+01:00,2016-11-29T14:00:00+01:00,2016-11-29T14:00:00+01:00,Uitgevoerd,2016-2017,Tweede Kamer
2838325e-9f83-4a1b-8f60-0056ac8fc31c,Procedurevergadering,Procedurevergadering LNV,2009-10-06T15:30:00+02:00,2009-10-06T15:30:00+02:00,2009-10-06T16:30:00+02:00,Uitgevoerd,2009-2010,Tweede Kamer
e294e678-9fa3-4987-814b-00571d9f5b68,Inbreng verslag (wetsvoorstel),Wet bekostiging financieel toezicht 2019,2018-03-08T14:00:00+01:00,2018-03-08T14:00:00+01:00,2018-03-08T14:00:00+01:00,Uitgevoerd,2017-2018,Tweede Kamer
0930330d-2444-4844-afd6-005736bb23f0,E-mailprocedure,E-mailprocedure,2019-07-18T16:00:00+02:00,2019-07-18T16:00:00+02:00,2019-07-18T16:00:00+02:00,Uitgevoerd,2018-2019,Tweede Kamer
e4c53910-500c-4c54-baeb-00589496a50c,Procedurevergadering,Procedures en brieven,2025-11-13T13:00:00+01:00,2025-11-13T13:00:00+01:00,2025-11-13T14:00:00+01:00,Geannuleerd,2024-2025,Tweede Kamer
ae71e4e8-f1b8-432d-a14b-0059aca30df9,Plenair debat (tweeminutendebat),"VAO BES-eilanden (AO d.d. 28/06)
",2012-07-05T18:00:00+02:00,2012-07-05T18:00:00+02:00,2012-07-05T23:59:00+02:00,Uitgevoerd,2011-2012,Tweede Kamer
9ea0f990-14c0-41bb-9845-005ae09467f1,Algemeen overleg,Geneesmiddelenbeleid (verplaatst naar woensdag 25 maart 2015),2015-05-27T14:00:00+02:00,2015-05-27T14:00:00+02:00,2015-05-27T17:00:00+02:00,Verplaatst,2014-2015,Tweede Kamer
f1f0797e-8ca6-409d-8a2a-005b5c46ac1b,Inbreng schriftelijk overleg,Nationaal Programma Onderwijs: voortgang najaar 2021,2021-12-15T10:00:00+01:00,2021-12-15T10:00:00+01:00,2021-12-15T10:00:00+01:00,Uitgevoerd,2021-2022,Tweede Kamer
bd5e9be8-5f0c-47f1-b487-005bcb8b6fc4,Procedurevergadering,Bespreking van de conceptverslagen van de commissie voor de Verzoekschriften en de Burgerinitiatieven ,2018-01-25T13:00:00+01:00,2018-01-25T13:00:00+01:00,2018-01-25T13:30:00+01:00,Geannuleerd,2017-2018,Tweede Kamer
5f44056c-c5a2-4dfc-9483-005c61d11960,Vergadering,Bouwbegeleidingscommissie,2018-01-17T16:15:00+01:00,2018-01-17T16:15:00+01:00,2018-01-17T17:00:00+01:00,Uitgevoerd,2017-2018,Tweede Kamer
82501bff-b93f-4c89-a2a0-005d1170d5d5,Petitie,"Waterschap Hunze en Aa, vismigratie",2008-11-18T13:00:00+01:00,2008-11-18T13:00:00+01:00,2008-11-18T13:15:00+01:00,Uitgevoerd,2008-2009,Tweede Kamer
fd577086-e627-4ce9-9a07-005ee6220d89,Vragenuur,Vragenuur,2023-04-04T14:00:00+02:00,2023-04-04T14:00:00+02:00,2023-04-04T15:00:00+02:00,Uitgevoerd,2022-2023,Tweede Kamer
4960dce2-6c45-4432-8ec0-005fffaec772,Vergadering,Kunstcommissie,2018-07-02T14:30:00+02:00,2018-07-02T14:30:00+02:00,2018-07-02T16:00:00+02:00,Uitgevoerd,2017-2018,Tweede Kamer
2b6fb678-1034-420b-9540-006151a9b2a3,Technische briefing,Jaarverslagen door Jetten en Middendorp,2017-06-21T11:30:00+02:00,2017-06-21T11:30:00+02:00,2017-06-21T12:30:00+02:00,Uitgevoerd,2016-2017,Tweede Kamer
cf2070f1-4604-4645-8fdd-0061cc072e51,Delegatievergadering,Werkbezoek Berlijn ,2018-11-21T11:30:00+01:00,2018-11-21T11:30:00+01:00,2018-11-21T12:00:00+01:00,Uitgevoerd,2018-2019,Tweede Kamer
445f0177-94c5-4e2b-975c-0062705a770d,Inbreng schriftelijk overleg,Voorhang ontwerp uitvoeringsregelgeving Wet natuurbescherming ,2016-06-02T12:00:00+02:00,2016-06-02T12:00:00+02:00,2016-06-02T12:00:00+02:00,Uitgevoerd,2015-2016,Tweede Kamer
ec668190-6342-4bd3-959d-0064417e58ac,Hoorzitting,Hoorzitting met de beoogde bewindspersonen van het ministerie van Justitie en Veiligheid,2024-06-24T13:30:00+02:00,2024-06-24T13:30:00+02:00,2024-06-24T16:00:00+02:00,Uitgevoerd,2023-2024,Tweede Kamer
15c723b7-7291-4660-b91d-006465a0be24,Technische briefing,Verdeelmodellen van het Inkomensdeel (I-deel) en het Participatiebudget,2014-05-20T16:30:00+02:00,2014-05-20T16:30:00+02:00,2014-05-20T18:30:00+02:00,Uitgevoerd,2013-2014,Tweede Kamer
f7fac3a8-209b-4589-af81-0064893b1224,Vergadering,Voorbereidingsgroep extern onderzoek taken en functies Europese Commissie,2019-09-05T13:30:00+02:00,2019-09-05T13:30:00+02:00,2019-09-05T14:30:00+02:00,Uitgevoerd,2019-2020,Tweede Kamer
55562012-5734-4697-be8e-0067f1f35a9b,Plenair debat (tweeminutendebat),VAO Kansspelen (AO d.d. 08/12),2009-12-17T15:00:00+01:00,2009-12-17T15:00:00+01:00,,Uitgevoerd,2009-2010,Tweede Kamer
06ca979f-b612-47b0-aa21-00694d74f715,Hamerstukken,Hamerstuk: Wijziging van het Burgerlijk Wetboek en het Burgerlijk Wetboek BES houdende de omzetting van aandelen aan toonder in aandelen op naam ten behoeve van de vaststelling van de identiteit van houders van deze aandelen (Wet omzetting aandelen aan toonder) (34930),2019-01-31T10:15:00+01:00,2019-01-31T10:15:00+01:00,2019-01-31T10:16:00+01:00,Uitgevoerd,2018-2019,Tweede Kamer
71e7af95-8656-4e6b-8d1c-006b33a9c607,Procedurevergadering,Extra procedurevergadering (direct aansluitend aan de voorafgaande procedurevergadering),2019-06-19T11:30:00+02:00,2019-06-19T11:30:00+02:00,2019-06-19T12:00:00+02:00,Uitgevoerd,2018-2019,Tweede Kamer
d9b79b2d-e55a-41e2-9a4d-006bb6d65139,Rondetafelgesprek,Langdurige zorg,2013-05-16T09:30:00+02:00,2013-05-16T09:30:00+02:00,2013-05-16T14:30:00+02:00,Uitgevoerd,2012-2013,Tweede Kamer
1543f84b-f91f-4366-95f1-006d02ffdc8c,E-mailprocedure,Verzoek om uitstel van het algemeen overleg inzake de Indische kwestie (Back pay) d.d. 1 juli 2015,2015-06-30T14:00:00+02:00,2015-06-30T14:00:00+02:00,2015-06-30T14:00:00+02:00,Uitgevoerd,2014-2015,Tweede Kamer
9da601a9-be18-42aa-b3ad-006dcd18ea91,Commissiedebat,Arbeidsmigratie,2024-09-04T10:00:00+02:00,2024-09-04T10:00:00+02:00,2024-09-04T14:00:00+02:00,Uitgevoerd,2022-2023,Tweede Kamer
f65fdbfe-73cd-4eef-9b41-006e1fef7ae8,Bijzondere procedure,"Het lid Gesthuizen ontvangt in een bijzondere procedure de Adviesraad voor Wetenschap, Technologie en Innovatie (AWTI) om te spreken over het advies ‘Klaar voor de Toekomst’  ",2015-10-01T15:30:00+02:00,2015-10-01T15:30:00+02:00,2015-10-01T16:30:00+02:00,Geannuleerd,2015-2016,Tweede Kamer
f5415455-2bff-4557-8568-0070384596c7,Commissiedebat,Raad van Europa ( wordt omgezet in een SO),2024-04-25T10:00:00+02:00,2024-04-25T10:00:00+02:00,2024-04-25T12:00:00+02:00,Geannuleerd,2023-2024,Tweede Kamer
2a9b46e0-0a84-45d0-b9d9-007105ab18db,Werkbezoek,Waddengebied,2026-02-06T09:00:00+01:00,2026-02-06T09:00:00+01:00,2026-02-07T14:00:00+01:00,Uitgevoerd,2025-2026,Tweede Kamer
e792fd27-671c-4af1-9d88-00744f2d021f,Algemeen overleg,Informele JBZ-Raad Boekarest op 7 en 8 februari 2019,2019-02-06T10:00:00+01:00,2019-02-06T10:00:00+01:00,2019-02-06T12:00:00+01:00,Uitgevoerd,2018-2019,Tweede Kamer
5cabc154-4708-4457-9ed2-00745ca3ee9f,Procedurevergadering,Procedurevergadering,2021-09-30T12:30:00+02:00,2021-09-30T12:30:00+02:00,2021-09-30T13:15:00+02:00,Uitgevoerd,2020-2021,Tweede Kamer
4c50b6f3-8178-4c55-8756-0074ea525c6a,Vragenuur,Vragenuur,2023-12-19T14:00:00+01:00,2023-12-19T14:00:00+01:00,2023-12-19T15:00:00+01:00,Uitgevoerd,2023-2024,Tweede Kamer
49780652-3177-4d68-bc4a-00775a66c1cb,Commissiedebat,Spoorveiligheid en ERTMS - omgezet in een schriftelijk overleg,2025-09-03T10:00:00+02:00,2025-09-03T10:00:00+02:00,2025-09-03T13:00:00+02:00,Geannuleerd,2024-2025,Tweede Kamer
63883a12-9c11-49dc-a34a-00785b220d83,E-mailprocedure,Verzoek schriftelijk overleg over deelname aan Global Compact on Migration (GCM),2022-05-11T16:00:00+02:00,2022-05-11T16:00:00+02:00,2022-05-11T16:00:00+02:00,Uitgevoerd,2021-2022,Tweede Kamer
70125e0f-dccb-46f4-8e15-0078bf3905b3,Bijzondere procedure,Humanistisch Verbond aanbieden rapport 'Freedom of Thought',2016-12-13T16:00:00+01:00,2016-12-13T16:00:00+01:00,2016-12-13T17:00:00+01:00,Uitgevoerd,2016-2017,Tweede Kamer
dbb8a903-19b4-45e7-ad42-007900e8c5fb,Procedurevergadering,Procedurevergadering VWS,2018-06-06T10:15:00+02:00,2018-06-06T10:15:00+02:00,2018-06-06T11:30:00+02:00,Uitgevoerd,2017-2018,Tweede Kamer
62dfc818-f89f-4ae4-a3b3-0079c2765333,Hamerstukken,"Hamerstuk: Wijziging van het voorstel van wet tot samenvoeging van de gemeenten Boxmeer, Cuijk, Mill en Sint Hubert en Sint Anthonis (35842)",2021-06-17T10:15:00+02:00,2021-06-17T10:15:00+02:00,2021-06-17T10:16:00+02:00,Uitgevoerd,2020-2021,Tweede Kamer
294cacd8-db34-4ad9-90cb-007bec35219c,Algemeen overleg,Governance in de zorg,2016-03-17T14:00:00+01:00,2016-03-17T14:00:00+01:00,2016-03-17T17:00:00+01:00,Uitgevoerd,2015-2016,Tweede Kamer
30396c07-1966-4cb9-9939-007eb18a0974,Technische briefing,Ministerie SZW - Asbest,2021-10-14T14:00:00+02:00,2021-10-14T14:00:00+02:00,2021-10-14T15:00:00+02:00,Uitgevoerd,2021-2022,Tweede Kamer
8d3bf56f-4d87-43bd-8f9c-007f5db85a70,Bijzondere procedure,Ontvangst vijf Tibetaanse Parlementariërs uit India  ,2013-11-12T17:00:00+01:00,2013-11-12T17:00:00+01:00,2013-11-12T18:00:00+01:00,Uitgevoerd,2013-2014,Tweede Kamer
6b34198d-b89c-4de3-9e40-00800c27877b,E-mailprocedure,[E-MAILPROCEDURE] - Concept-profielschets vacature collegelid in buitengewone dienst Algemene Rekenkamer,2024-10-02T10:00:00+02:00,2024-10-02T10:00:00+02:00,2024-10-02T10:00:00+02:00,Uitgevoerd,2024-2025,Tweede Kamer
d8430a13-da96-4bef-bf95-0080bc87d0d3,Inbreng verslag (wetsvoorstel),"Instelling van de Adviesraad voor wetenschap, technologie en innovatie en wijziging van enkele wetten (Wet Adviesraad voor wetenschap, technologie en innovatie) ",2013-11-08T10:00:00+01:00,2013-11-08T10:00:00+01:00,2013-11-08T10:00:00+01:00,Uitgevoerd,2013-2014,Tweede Kamer
96463b03-2e7d-424f-aebc-00815e5e2900,Algemeen overleg,Afbreking zwangerschap (tot nader order uitgesteld),2013-10-03T10:00:00+02:00,2013-10-03T10:00:00+02:00,2013-10-03T12:30:00+02:00,Verplaatst,2013-2014,Tweede Kamer
730d70aa-2f81-47df-bbf7-0082386ea045,Inbreng schriftelijk overleg,RBZ/Ontwikkelingssamenwerking,2018-02-14T10:00:00+01:00,2018-02-14T10:00:00+01:00,2018-02-14T10:00:00+01:00,Uitgevoerd,2017-2018,Tweede Kamer
c1482f1d-c5c1-45f6-9c2a-0082c1493b33,Algemeen overleg,Staatsbosbeheer ,2011-10-26T16:30:00+02:00,2011-10-26T16:30:00+02:00,2011-10-26T18:30:00+02:00,Uitgevoerd,2011-2012,Tweede Kamer
c95c10fd-8b67-44f6-af68-00842d9b4bf4,Werkbezoek,World Water Forum Istanbul (18 t/m 20 maart 2009),2009-03-16T00:00:00+01:00,2009-03-16T00:00:00+01:00,2009-03-17T00:00:00+01:00,Uitgevoerd,2008-2009,Tweede Kamer
8b91adb7-7a28-4edc-968f-00854a833eae,Technische briefing,Evaluatie WIA,2011-04-07T10:00:00+02:00,2011-04-07T10:00:00+02:00,2011-04-07T11:00:00+02:00,Uitgevoerd,2010-2011,Tweede Kamer
0419494b-4914-4771-873f-008550aed9b1,Plenair debat (tweeminutendebat),VAO Maritiem (AO d.d. 17/05),2018-05-31T10:15:00+02:00,2018-05-31T10:15:00+02:00,2018-05-31T10:35:00+02:00,Uitgevoerd,2017-2018,Tweede Kamer
cebfed7d-b0ff-455e-a193-0087d9f42323,E-mailprocedure,Verzoek gezamenlijk algemeen overleg over digitalisering met commissie BiZa,2020-06-12T17:00:00+02:00,2020-06-12T17:00:00+02:00,2020-06-12T17:00:00+02:00,Uitgevoerd,2019-2020,Tweede Kamer
cef1ce4d-7b73-4bfc-a0f9-0089026ac71f,Inbreng schriftelijk overleg,Heffing door Buma/Stemra op het particuliere gebruik muziekvideo's op internet (29838-21),2009-12-10T14:00:00+01:00,2009-12-10T14:00:00+01:00,2009-12-10T14:00:00+01:00,Uitgevoerd,2009-2010,Tweede Kamer
2edc9c9f-7d2d-41b0-a33c-008a0e943131,Regeling van werkzaamheden,Regeling van werkzaamheden,2017-09-14T13:15:00+02:00,2017-09-14T13:15:00+02:00,2017-09-14T13:30:00+02:00,Uitgevoerd,2016-2017,Tweede Kamer
e05f9856-b57c-4491-86ec-008b4052226d,Hamerstukken,Hamerstuk: Incidentele suppletoire begroting OCW (32609 VIII) ,2011-06-09T14:15:00+02:00,2011-06-09T14:15:00+02:00,2011-06-09T23:59:00+02:00,Uitgevoerd,2010-2011,Tweede Kamer
bd486a42-4eb6-46f4-8870-008e5c658130,Procedurevergadering,Procedurevergadering,2011-04-27T13:00:00+02:00,2011-04-27T13:00:00+02:00,2011-04-27T13:30:00+02:00,Uitgevoerd,2010-2011,Tweede Kamer
1ad2514b-865f-436e-8b7e-008f7b5d3b79,Hoorzitting,Hoorzitting TCU,2020-11-09T13:00:00+01:00,2020-11-09T13:00:00+01:00,2020-11-09T14:00:00+01:00,Uitgevoerd,2020-2021,Tweede Kamer
2b9d94ec-3aab-4c35-aeb3-009267b4cef1,Commissiedebat,Ziekenhuiszorg (tot nader order uitgesteld),2023-06-29T13:00:00+02:00,2023-06-29T13:00:00+02:00,2023-06-29T17:00:00+02:00,Verplaatst,2021-2022,Tweede Kamer
39bb871c-275c-49a2-b697-0094178b9b18,Inbreng feitelijke vragen,Vijf studies luchtvaart ,2019-03-26T12:00:00+01:00,2019-03-26T12:00:00+01:00,2019-03-26T12:00:00+01:00,Uitgevoerd,2018-2019,Tweede Kamer
6d90bcb1-ba68-4845-887d-0094ee23843c,Plenair debat (debat),Debat over de ontwikkelingen rondom het coronavirus,2021-08-18T15:15:00+02:00,2021-08-18T15:15:00+02:00,2021-08-18T22:00:00+02:00,Uitgevoerd,2020-2021,Tweede Kamer
ca46a503-275a-4fee-b843-0095aba87557,Gesprek,Besloten gesprek,2018-02-07T16:30:00+01:00,2018-02-07T16:30:00+01:00,2018-02-07T17:30:00+01:00,Uitgevoerd,2017-2018,Tweede Kamer
c3870b60-29eb-44c7-9c27-00964707ced7,Inbreng feitelijke vragen,30e voortgangsrapportage Zandmaas/Grensmaas,2016-10-12T12:00:00+02:00,2016-10-12T12:00:00+02:00,2016-10-12T12:00:00+02:00,Uitgevoerd,2015-2016,Tweede Kamer
e9a9edf2-4ece-4d75-9c00-009656041d0a,Technische briefing,Update coronavirus,2021-02-04T09:00:00+01:00,2021-02-04T09:00:00+01:00,2021-02-04T10:30:00+01:00,Uitgevoerd,2020-2021,Tweede Kamer
c60c54f6-c43a-46a9-adf9-009657f3588a,E-mailprocedure,[E-MAILPROCEDURE] Verzoek van het lid Agema (PVV) om een SO over te houden over de Voorhang doorontwikkeling van bekostiging wijkverpleging op basis van cliëntprofielen volgens het Draagkracht Draaglast model | Uw reactie graag uiterlijk morgen om 12 uur,2023-06-16T12:00:00+02:00,2023-06-16T12:00:00+02:00,2023-06-16T12:00:00+02:00,Uitgevoerd,2022-2023,Tweede Kamer
615692a4-5da1-467e-ac11-009685e30817,E-mailprocedure,Verzoek inplannen AO Post direct na zomerreces en geen onomkeerbare stappen beleidsregel post,2016-07-19T14:00:00+02:00,2016-07-19T14:00:00+02:00,2016-07-19T14:00:00+02:00,Uitgevoerd,2015-2016,Tweede Kamer
b59c4e76-9966-4ed3-9ef5-0096e00f3f5e,Plenair debat (wetgeving),"Begroting Economische Zaken, Landbouw en Innovatie (rest) ",2010-11-24T16:45:00+01:00,2010-11-24T16:45:00+01:00,,Uitgevoerd,2010-2011,Tweede Kamer
3ebd3fe1-fab5-4a6d-9915-0099f79e3e20,Rondetafelgesprek,Rondetafelgesprek Deltawet waterveiligheid en zoetwatervoorziening (geannuleerd),2010-03-10T10:00:00+01:00,2010-03-10T10:00:00+01:00,2010-03-10T13:15:00+01:00,Geannuleerd,2009-2010,Tweede Kamer
5a45fd62-d8c9-46bb-9fa5-009a3c3caf85,Inbreng feitelijke vragen,Jaarverslag Ministerie van Sociale Zaken en Werkgelegenheid 2012 (33605-XV-1),2013-05-23T14:00:00+02:00,2013-05-23T14:00:00+02:00,2013-05-23T14:00:00+02:00,Uitgevoerd,2012-2013,Tweede Kamer
ef8bed5f-c7c4-454a-a44c-009b5fa16c3b,Vergadering,Parlementaire Assemblee Raad van Europa - Presidential Committee,2018-03-15T09:00:00+01:00,2018-03-15T09:00:00+01:00,2018-03-15T17:00:00+01:00,Uitgevoerd,2017-2018,Eerste Kamer en Tweede Kamer
a052fb4d-f978-4019-a562-009ba0419b0a,Werkbezoek,ICM over de Rechtsstaat in de Europese Unie,2025-12-11T09:00:00+01:00,2025-12-11T09:00:00+01:00,2025-12-11T13:00:00+01:00,Uitgevoerd,2024-2025,Tweede Kamer
bc82b6ef-a77c-4324-97ab-009fe6138881,Inbreng feitelijke vragen,Rapport Resultaten verantwoordingsonderzoek 2021 bij het Provinciefonds (vragen aan de Algemene Rekenkamer) (36100-C-2),2022-05-25T14:00:00+02:00,2022-05-25T14:00:00+02:00,2022-05-25T14:00:00+02:00,Uitgevoerd,2021-2022,Tweede Kamer
c4d4b60d-ed12-402f-b6d2-00a06bdb2378,Plenair debat (tweeminutendebat),VAO Transportraad 8-9 juni 2017 (AO d.d. 24/05),2017-06-01T17:15:00+02:00,2017-06-01T17:15:00+02:00,2017-06-01T17:35:00+02:00,Uitgevoerd,2016-2017,Tweede Kamer
44d428ae-834d-402d-8ebc-00a10c307b40,Inbreng schriftelijk overleg,"Evaluatie beleidsregel ""Innovatie ten behoeve van nieuwe zorgprestaties"" - 32620-179",2016-10-25T16:00:00+02:00,2016-10-25T16:00:00+02:00,2016-10-25T16:00:00+02:00,Uitgevoerd,2016-2017,Tweede Kamer
5a3ebea8-75b5-49fb-ba92-00a57e2aef00,Commissiedebat,Gevangeniswezen en tbs (verplaatst naar 15 juni 2022),2022-04-06T10:00:00+02:00,2022-04-06T10:00:00+02:00,2022-04-06T13:00:00+02:00,Verplaatst,2021-2022,Tweede Kamer
a24a5872-b0c1-4388-acad-00a6b5302e04,Algemeen overleg,SMS-diensten,2010-01-27T10:00:00+01:00,2010-01-27T10:00:00+01:00,2010-01-27T12:00:00+01:00,Uitgevoerd,2009-2010,Tweede Kamer
72a2ba6f-8dd0-4b62-8f40-00a6e17d3def,Plenair debat (tweeminutendebat),VAO Huisvesting doelgroepen (AO d.d. 02/12),2015-12-10T10:15:00+01:00,2015-12-10T10:15:00+01:00,2015-12-10T23:59:00+01:00,Uitgevoerd,2015-2016,Tweede Kamer
43b33005-249a-4de8-be5c-00a78a75df53,E-mailprocedure,[E-MAILPROCEDURE] Voorstel Ziengs (VVD) om omzettingstabel van huidige wetten naar Omgevingswet ,2019-06-24T12:00:00+02:00,2019-06-24T12:00:00+02:00,2019-06-24T12:00:00+02:00,Uitgevoerd,2018-2019,Tweede Kamer
1acf6a29-692d-4281-b7c6-00a862ab9e14,Stemmingen,Stemmingen,2012-03-13T15:05:00+01:00,2012-03-13T15:05:00+01:00,2012-03-13T23:59:00+01:00,Uitgevoerd,2011-2012,Tweede Kamer
29febba0-c21f-4b64-bf35-00a88e816990,Hamerstukken,Hamerstuk: Wijziging van de Wegenverkeerswet 1994 en de Wet rijonderricht motorrijtuigen 1993 in verband met de implementatie van de derde rijbewijsrichtlijn (32830),2011-12-22T10:14:00+01:00,2011-12-22T10:14:00+01:00,2011-12-22T23:59:00+01:00,Uitgevoerd,2011-2012,Tweede Kamer
c4aada8d-5290-431c-bc48-00a8bb09623e,E-mailprocedure,Verzoek van het lid Kathmann (GL-PvdA) om het commissiedebat Telecomraad (Formeel) op 3 juni 2025 om te zetten in een schriftelijk overleg ,2025-06-03T12:00:00+02:00,2025-06-03T12:00:00+02:00,2025-06-03T12:00:00+02:00,Uitgevoerd,2024-2025,Tweede Kamer
9dacc94c-555d-4fbe-9f58-00a9e8e281bb,Algemeen overleg,Biotechnologie en Tuinbouw (geannuleerd),2020-10-07T09:30:00+02:00,2020-10-07T09:30:00+02:00,2020-10-07T12:30:00+02:00,Verplaatst,2019-2020,Tweede Kamer
34eff683-f825-4134-9c5b-00aa82668e2b,Plenair debat (dertigledendebat),Dertigledendebat over een stiekeme verhoging van de feitelijke belastingtarieven,2019-09-23T00:00:00+02:00,,,Geannuleerd,2018-2019,Tweede Kamer
10c0028d-b689-4fa9-8bad-00ab0296ea96,Plenair debat (tweeminutendebat),VAO Oprichting Stichting Depositogarantiefonds (AO d.d. 28/11),2012-12-20T09:25:00+01:00,2012-12-20T09:25:00+01:00,2012-12-20T23:59:00+01:00,Uitgevoerd,2012-2013,Tweede Kamer
a45c4a30-ef6e-4a45-9a60-00abf2ebdd92,Inbreng verslag (wetsvoorstel),"Wijziging van de Telecommunicatiewet in verband met de versterking van de positie van abonnees bij netwerkstoringen, het wegnemen van overstapdrempels voor kleinzakelijke abonnees, de verbetering van de continuïteit van uitzendingen vanaf antenne-opstelpunten voor omroep, alsmede ter versterking van de samenhang en het beleid op het terrein van elektronische communicatie (versterking telecommunicatiebeleid) (34271)",2015-10-08T12:00:00+02:00,2015-10-08T12:00:00+02:00,2015-10-08T12:00:00+02:00,Uitgevoerd,2015-2016,Tweede Kamer
e5033bd2-4c36-41f0-992b-00acda64e4d1,E-mailprocedure,Verzoek van het lid Paternotte om de regering een nieuw OMT-advies te vragen: uw reactie uiterlijk hedenmiddag 18.00 uur. ,2021-07-06T18:00:00+02:00,2021-07-06T18:00:00+02:00,2021-07-06T18:00:00+02:00,Uitgevoerd,2020-2021,Tweede Kamer
6d8bf482-42f0-4b26-b70b-00ad720661a6,Inbreng feitelijke vragen,Rapport bij de Nationale verklaring 2018  (vragen gesteld aan de Algemene Rekenkamer) ,2018-05-24T14:00:00+02:00,2018-05-24T14:00:00+02:00,2018-05-24T14:00:00+02:00,Uitgevoerd,2017-2018,Tweede Kamer
5b27f77e-5ab7-42de-a1eb-00afeb2f19ad,Algemeen overleg,"OV, taxi en OV-chipkaart",2013-10-01T16:00:00+02:00,2013-10-01T16:00:00+02:00,2013-10-01T19:00:00+02:00,Uitgevoerd,2013-2014,Tweede Kamer
73bde594-acb7-4e29-8892-00b003973a62,Werkbezoek,Parlementaire Assemblee Raad van Europa - Committee on the election of judges to the ECtHR ,2024-06-10T09:00:00+02:00,2024-06-10T09:00:00+02:00,2024-06-11T17:00:00+02:00,Uitgevoerd,2023-2024,Eerste Kamer en Tweede Kamer
235143e1-6832-4154-94bb-00b11f21985b,Rondetafelgesprek,Geïntegreerde politietrainingsmissie in Afghanistan,2011-01-24T10:00:00+01:00,2011-01-24T10:00:00+01:00,2011-01-24T19:30:00+01:00,Uitgevoerd,2010-2011,Tweede Kamer
256d8881-fb83-4a05-9362-00b55572b78a,Rondetafelgesprek,Rondetafelgesprek Bewezen effectieve methoden basisvaardigheden,2023-05-17T13:30:00+02:00,2023-05-17T13:30:00+02:00,2023-05-17T15:45:00+02:00,Uitgevoerd,2022-2023,Tweede Kamer
adac9261-7c2f-4be0-b243-00b685a62f23,Technische briefing,Besloten technische briefing inzake evaluatie Comptabiliteitswet (per videoverbinding),2022-02-16T10:00:00+01:00,2022-02-16T10:00:00+01:00,2022-02-16T11:00:00+01:00,Uitgevoerd,2021-2022,Tweede Kamer
74e38c25-81b5-4542-9d6d-00b6b274a8f5,Regeling van werkzaamheden,Aansluitend aan de Stemmingen: Regeling van werkzaamheden ,2015-04-09T14:35:00+02:00,2015-04-09T14:35:00+02:00,2015-04-09T23:59:00+02:00,Uitgevoerd,2014-2015,Tweede Kamer
e45d3ce1-9274-454e-9252-00b71e4836c6,Commissiedebat,"Elektriciteitsnet, energie-infrastructuur & RES",2023-03-09T13:30:00+01:00,2023-03-09T13:30:00+01:00,2023-03-09T18:30:00+01:00,Uitgevoerd,2022-2023,Tweede Kamer
46c00708-d18a-4f01-8c99-00b78768ef1a,Inbreng schriftelijk overleg,Illiquid Assets Back-up Facility in relatie tot verkoop van ING Direct US ,2011-09-08T14:00:00+02:00,2011-09-08T14:00:00+02:00,2011-09-08T14:00:00+02:00,Uitgevoerd,2010-2011,Tweede Kamer
e7216b51-9884-4594-ac60-00b7a4ff0239,E-mailprocedure," [E-MAILPROCEDURE] Verzoek van het lid Baudet (FVD) om ontbrekende stukken uit de Bundel documenten MCEN-verzoek (Kamerstuk 35334, nr. 366) alsnog aan de Kamer te sturen ",2025-05-20T13:00:00+02:00,2025-05-20T13:00:00+02:00,2025-05-20T13:00:00+02:00,Uitgevoerd,2024-2025,Tweede Kamer
44bfced9-fc81-4b02-bb20-00b83bf990a6,Inbreng feitelijke vragen,Voorjaarsnota 2013,2013-06-13T14:00:00+02:00,2013-06-13T14:00:00+02:00,2013-06-13T14:00:00+02:00,Uitgevoerd,2012-2013,Tweede Kamer
3c890940-ce93-4cae-abc9-00b983ed9262,Inbreng schriftelijk overleg,Toezeggingen naar aanleiding van het Algemeen Overleg Bestuursovereenkomst Friese taal en cultuur (BFTK) van 26 juni 2019 (TK 35300-VII-94),2020-01-23T14:00:00+01:00,2020-01-23T14:00:00+01:00,2020-01-23T14:00:00+01:00,Uitgevoerd,2019-2020,Tweede Kamer
286fd005-09f5-4b4f-9f91-00bb17803254,Regeling van werkzaamheden,Aanvang middagvergadering: Regeling van werkzaamheden,2017-09-20T14:05:00+02:00,2017-09-20T14:05:00+02:00,2017-09-20T14:15:00+02:00,Uitgevoerd,2016-2017,Tweede Kamer
dfa8e177-9f98-40dc-9238-00bf429d617d,E-mailprocedure,Voorstel van het lid Van der Plas (BBB) om het commissiedebat Zoönosen en dierziekten van 27/11 uit te stellen,2025-11-20T12:00:00+01:00,2025-11-20T12:00:00+01:00,2025-11-20T12:00:00+01:00,Uitgevoerd,2025-2026,Tweede Kamer
e153e058-f41b-4925-a4c7-00bf717e7d56,Gesprek,Begeleidingscommissie rapporteur witboek pensioenen (verplaatst naar 25 oktober),2012-10-11T14:00:00+02:00,2012-10-11T14:00:00+02:00,2012-10-11T15:00:00+02:00,Geannuleerd,2012-2013,Tweede Kamer
04705591-f916-46f5-92d1-00bff9b2da37,Inbreng schriftelijk overleg,Herziening Verordening CO2-emissies vrachtwagens en bussen ,2023-04-12T12:00:00+02:00,2023-04-12T12:00:00+02:00,2023-04-12T12:00:00+02:00,Uitgevoerd,2022-2023,Tweede Kamer
ef0151af-0709-4a1f-bb8f-00c030a7d3bc,Plenair debat (debat),Debat over de wijze waarop de coalitie met het ontvallen van de meerderheid denkt om te gaan,2019-10-16T19:15:00+02:00,2019-10-16T19:15:00+02:00,2019-10-16T20:45:00+02:00,Uitgevoerd,2019-2020,Tweede Kamer
69748d95-b89b-41c3-b29e-00c033fb63ae,Algemeen overleg,Evaluatie Zorginstituut Nederland,2015-06-11T14:00:00+02:00,2015-06-11T14:00:00+02:00,2015-06-11T17:00:00+02:00,Uitgevoerd,2014-2015,Tweede Kamer
a84c84f3-ba0d-4c51-85ee-00c0408578e2,Procedurevergadering,Vergadering Commissie Werkwijze,2011-12-07T10:15:00+01:00,2011-12-07T10:15:00+01:00,2011-12-07T11:45:00+01:00,Uitgevoerd,2011-2012,Tweede Kamer
1cfe3c97-3333-4945-9522-00c365a11eb2,E-mailprocedure,Verzoek van het lid Belhaj aan de minister van Defensie om een feitenrelaas inzake transparantie burgerslachtoffers bij luchtaanvallen ,2019-11-06T10:00:00+01:00,2019-11-06T10:00:00+01:00,2019-11-06T10:00:00+01:00,Uitgevoerd,2019-2020,Tweede Kamer
9aec561c-dace-49dd-bec6-00c36e115043,Vergadering,Kunstcommissie,2019-06-06T09:00:00+02:00,2019-06-06T09:00:00+02:00,2019-06-06T10:00:00+02:00,Uitgevoerd,2018-2019,Tweede Kamer
16e422f0-2b3c-44ad-94ec-00c3d2249be4,Vergadering,Voorbereidingsgroep RTG Kweekvlees en vleesvervangers,2018-06-21T14:15:00+02:00,2018-06-21T14:15:00+02:00,2018-06-21T14:45:00+02:00,Uitgevoerd,2017-2018,Tweede Kamer
eae96f10-121a-4783-ba59-00c4283662f5,Plenair debat (tweeminutendebat),VSO Ontwerpbesluit ter waarborging van een goede verhouding tussen de prijs voor de levering van een voorziening (34504-2),2016-11-01T17:10:00+01:00,2016-11-01T17:10:00+01:00,2016-11-01T23:59:00+01:00,Uitgevoerd,2016-2017,Tweede Kamer
160ae4da-dcce-47b0-8cb0-00c5b0df2a3f,Regeling van werkzaamheden,Aanvang middagvergadering; Regeling van werkzaamheden,2019-06-13T13:10:00+02:00,2019-06-13T13:10:00+02:00,2019-06-13T13:30:00+02:00,Uitgevoerd,2018-2019,Tweede Kamer
1edf7990-b692-447f-ba83-00c7956f1dc3,Hamerstukken,"Hamerstukken: Verslagen van de commissie voor de Verzoekschriften en de Burgerinitiatieven (32513, nrs. 19 t/m 24)",2010-10-28T14:30:00+02:00,2010-10-28T14:30:00+02:00,,Uitgevoerd,2010-2011,Tweede Kamer
e4ae9a30-0e5f-4a2a-b619-00c834c59c13,Technische briefing,Nota Deelnemingenbeleid (Is geannuleerd),2022-09-07T14:00:00+02:00,2022-09-07T14:00:00+02:00,2022-09-07T15:00:00+02:00,Verplaatst,2021-2022,Tweede Kamer
f11385c7-2108-4fd3-8a6d-00ca05989b6b,Vragenuur,Vragenuur,2025-09-23T14:00:00+02:00,2025-09-23T14:00:00+02:00,2025-09-23T15:00:00+02:00,Uitgevoerd,2025-2026,Tweede Kamer
c2586341-dfbb-430e-ac63-00ca278d9eff,Rondetafelgesprek,Circulair plastic,2025-03-06T10:00:00+01:00,2025-03-06T10:00:00+01:00,2025-03-06T11:00:00+01:00,Uitgevoerd,2024-2025,Tweede Kamer
6311d91a-69e8-41ce-b8bb-00cb9cead125,Inbreng feitelijke vragen,Wijziging van de begrotingsstaat van het Ministerie van Economische Zaken en Klimaat (XIII) voor het jaar 2021 (Derde incidentele suppletoire begroting inzake uitbreiding economisch steun- en herstelpakket) (35723),2021-02-18T14:00:00+01:00,2021-02-18T14:00:00+01:00,2021-02-18T14:00:00+01:00,Uitgevoerd,2020-2021,Tweede Kamer
f297d149-0789-4ea2-a6ce-00ccdabf4003,Inbreng verslag (wetsvoorstel),Wijziging van de Havenbeveiligingswet in verband met de modernisering van de opleidingseisen voor personen die bij havenfaciliteiten beveiligingswerkzaamheden verrichten.,2022-05-31T12:00:00+02:00,2022-05-31T12:00:00+02:00,2022-05-31T12:00:00+02:00,Uitgevoerd,2021-2022,Tweede Kamer
c0d22b0f-084b-4216-93fa-00cd577856a7,Werkbezoek,Tsjaad,2009-01-05T09:00:00+01:00,2009-01-05T09:00:00+01:00,2009-01-05T23:00:00+01:00,Uitgevoerd,2008-2009,Tweede Kamer
ffacfb2e-8bc3-4d65-8c2e-00cd94cd7d94,Werkbezoek,NAVO PA - Rose-Roth Seminar,2021-11-15T09:00:00+01:00,2021-11-15T09:00:00+01:00,2021-11-17T17:00:00+01:00,Uitgevoerd,2020-2021,Eerste Kamer en Tweede Kamer
355dde09-c362-44ff-9dd4-00ced49e5703,Gesprek,Planningsgesprek (tot nader order uitgesteld),2013-12-12T17:00:00+01:00,2013-12-12T17:00:00+01:00,2013-12-12T18:00:00+01:00,Verplaatst,2013-2014,Tweede Kamer
9ad7bfb5-e055-407f-bee8-00d0d4465031,Herdenking,Bevrijdingsconcert Amsterdam ,2018-05-05T20:00:00+02:00,2018-05-05T20:00:00+02:00,2018-05-05T20:00:00+02:00,Uitgevoerd,2017-2018,Tweede Kamer
48af4485-9abf-4b5a-9e26-00d264d6fadb,Inbreng schriftelijk overleg,"Beleidsdoorlichting van artikel 4.3 ‘Kwaliteit, transparantie en kennisontwikkeling’ - 32772-18",2016-10-26T14:00:00+02:00,2016-10-26T14:00:00+02:00,2016-10-26T14:00:00+02:00,Uitgevoerd,2016-2017,Tweede Kamer
290c4696-9cc1-4aaf-b7d7-00d3597c9605,Inbreng feitelijke vragen,MIRT-overzicht 2017 ,2016-10-26T12:00:00+02:00,2016-10-26T12:00:00+02:00,2016-10-26T12:00:00+02:00,Uitgevoerd,2015-2016,Tweede Kamer
39777e68-ddf3-4dd1-bbc1-00d42ce8d8fb,Petitie,Handtekeningenactie van bewoners Halfweg en Zwanenburg in verband met het leefbaarheidsprobleem rond de N200 en de verkeersveiligheid,2010-03-09T13:30:00+01:00,2010-03-09T13:30:00+01:00,2010-03-09T13:45:00+01:00,Uitgevoerd,2009-2010,Tweede Kamer
1978b06b-5ab4-4146-90ee-00d4a4d9077c,Verhoor,Gerard Blankestijn,2023-09-28T13:15:00+02:00,2023-09-28T13:15:00+02:00,2023-09-28T15:15:00+02:00,Uitgevoerd,2023-2024,Tweede Kamer
efd3647e-3f6f-4b19-bfe0-00d5b8fa9511,Gesprek,Voorgesprek hoorzitting,2024-05-27T09:30:00+02:00,2024-05-27T09:30:00+02:00,2024-05-27T10:00:00+02:00,Uitgevoerd,2023-2024,Tweede Kamer
65eb70fa-1016-42c5-8c2d-00d610eeb604,Commissiedebat,Raad voor Concurrentievermogen / Interne Markt – Industrie & Onderzoek en Ruimtevaart (formeel) 25 en 26 november 2021,2021-11-16T18:00:00+01:00,2021-11-16T18:00:00+01:00,2021-11-16T22:00:00+01:00,Uitgevoerd,2021-2022,Tweede Kamer
98c45240-bc77-4030-955c-00d804b10ace,Inbreng feitelijke vragen,Rapport Resultaten verantwoordingsonderzoek 2023 bij het Ministerie van Economische Zaken en Klimaat - vragen aan de Algemene Rekenkamer ,2024-05-23T14:00:00+02:00,2024-05-23T14:00:00+02:00,2024-05-23T14:00:00+02:00,Uitgevoerd,2023-2024,Tweede Kamer
b566cab0-afea-4b54-b353-00d828721d12,Plenair debat (wetgeving),Begroting Koninkrijksrelaties (IV) (1e termijn Kamer),2017-11-07T15:30:00+01:00,2017-11-07T15:30:00+01:00,2017-11-07T17:30:00+01:00,Uitgevoerd,2016-2017,Tweede Kamer
b450c69e-c0c3-4fa5-8b26-00d952b9f226,Technische briefing,Financiële onderbouwing van de PGB-plannen ,2011-06-30T15:30:00+02:00,2011-06-30T15:30:00+02:00,2011-06-30T16:45:00+02:00,Uitgevoerd,2010-2011,Tweede Kamer
0e650b2f-bfeb-48a0-8c0d-00d96280a35e,Inbreng schriftelijk overleg,Jaarvergadering Wereldbank,2024-10-08T14:00:00+02:00,2024-10-08T14:00:00+02:00,2024-10-08T14:00:00+02:00,Uitgevoerd,2023-2024,Tweede Kamer
e564f8d1-6088-4812-9ace-00db10885440,Inbreng verslag (wetsvoorstel),Wijziging van de Wet kinderopvang en kwaliteitseisen peuterspeelzalen in verband met het opnemen van nadere regels voor ouderparticipatiecrèches (34256) (wordt tot nader order uitgesteld),2015-09-23T14:00:00+02:00,2015-09-23T14:00:00+02:00,2015-09-23T14:00:00+02:00,Verplaatst,2015-2016,Tweede Kamer
e5b0c26c-4d3a-4064-8676-00dbb4772589,Notaoverleg,Politie,2020-10-15T15:00:00+02:00,2020-10-15T15:00:00+02:00,2020-10-15T19:00:00+02:00,Uitgevoerd,2020-2021,Tweede Kamer
67533913-d15e-4b79-84a2-00dc310a417a,Inbreng schriftelijk overleg,Informele JBZ Raad 22-23 Januari 2026 (Cyprus),2026-01-19T12:00:00+01:00,2026-01-19T12:00:00+01:00,2026-01-19T12:00:00+01:00,Uitgevoerd,2025-2026,Tweede Kamer
0035102c-9bc0-427d-b7d2-00dc8112bc3e,Inbreng feitelijke vragen,Evaluatie Verdrag Beleid en Beheer Schelde-estuarium ,2014-05-15T12:00:00+02:00,2014-05-15T12:00:00+02:00,2014-05-15T12:00:00+02:00,Uitgevoerd,2013-2014,Tweede Kamer
f5fa06d3-09ce-4e20-84e1-00dcc84e8cfc,Procedurevergadering,Procedurevergadering,2011-10-27T09:30:00+02:00,2011-10-27T09:30:00+02:00,2011-10-27T10:00:00+02:00,Uitgevoerd,2011-2012,Tweede Kamer
cc502b7a-087f-435f-9f29-00de2164810b,Procedurevergadering,Procedures en brieven,2015-01-27T16:30:00+01:00,2015-01-27T16:30:00+01:00,2015-01-27T17:30:00+01:00,Uitgevoerd,2014-2015,Tweede Kamer
e97f4135-6868-4f32-852b-00e127c81982,Gesprek,"delegatievergadering werkbezoek Georgië, alleen voor delegatieleden",2009-04-23T16:30:00+02:00,2009-04-23T16:30:00+02:00,2009-04-23T17:15:00+02:00,Uitgevoerd,2008-2009,Tweede Kamer
1e3c1a4e-cf57-4314-8bed-00e31743d47e,Inbreng verslag (wetsvoorstel),Wijziging van Boek 6 van het Burgerlijk Wetboek en het Wetboek van Burgerlijke Rechtsvordering in verband met de normering van de vergoeding voor kosten ter verkrijging van voldoening buiten rechte (32418),2010-09-09T14:00:00+02:00,2010-09-09T14:00:00+02:00,2010-09-09T14:00:00+02:00,Uitgevoerd,2009-2010,Tweede Kamer
995347f5-3c06-45a7-b66a-00e3a994af85,Procedurevergadering,Procedurevergadering van de commissie voor de Verzoekschriften en de Burgerinitiatieven ,2021-10-14T10:00:00+02:00,2021-10-14T10:00:00+02:00,2021-10-14T11:00:00+02:00,Uitgevoerd,2020-2021,Tweede Kamer
9e00dab1-37bc-4512-92ab-00e476c84f83,Hamerstukken,"Hamerstuk: Goedkeuring van het op 27 september 2012 te Straatsburg tot stand gekomen Verdrag van Straatsburg van 2012 inzake de beperking van aansprakelijkheid in de binnenvaart (CLNI 2012) (Trb. 2013, 72) (34 621)",2017-02-16T10:14:00+01:00,2017-02-16T10:14:00+01:00,2017-02-16T10:15:00+01:00,Uitgevoerd,2016-2017,Tweede Kamer
0c25211e-e553-4f82-8850-00e4c8b20161,Vragenuur,Vragenuur,2010-09-14T14:00:00+02:00,2010-09-14T14:00:00+02:00,,Uitgevoerd,2009-2010,Tweede Kamer
75b548a2-d0ac-426e-ac2b-00e52840cec1,Algemeen overleg,Eurogroep/Ecofin Raad,2014-11-05T15:00:00+01:00,2014-11-05T15:00:00+01:00,2014-11-05T17:30:00+01:00,Uitgevoerd,2014-2015,Tweede Kamer
0f064ae6-b19f-4dd6-a370-00e6ef3cbd71,Werkbezoek,Medaille-uitreiking Hr. Ms. Haarlem te Den Helder,2011-07-07T10:00:00+02:00,2011-07-07T10:00:00+02:00,2011-07-07T12:00:00+02:00,Uitgevoerd,2010-2011,Tweede Kamer
2ed71688-4158-4b10-a543-00e71fea9dbd,Procedurevergadering,Extra procedurevergadering,2014-02-04T16:00:00+01:00,2014-02-04T16:00:00+01:00,2014-02-04T17:00:00+01:00,Uitgevoerd,2013-2014,Tweede Kamer
23a2aeb8-7679-4065-9289-00e7e78af2fe,Inbreng feitelijke vragen,Jaarverslag Provinciefonds 2015 ,2016-05-26T14:00:00+02:00,2016-05-26T14:00:00+02:00,2016-05-26T14:00:00+02:00,Uitgevoerd,2015-2016,Tweede Kamer
00e0178c-6bd9-4ba1-9b37-00e8e2d1785f,Afscheid,Afscheid van het lid De Neef (VVD),2022-09-06T15:00:00+02:00,2022-09-06T15:00:00+02:00,2022-09-06T15:15:00+02:00,Uitgevoerd,2021-2022,Tweede Kamer
be47a242-15b6-432e-ae56-00ebc56301c6,E-mailprocedure,[E-MAILPROCEDURE] Voorstel van de leden Flach (SGP) en Vedder (CDA) om een schriftelijk overleg te voeren over de Voorhang Instructieregel permanente bewoning recreatiewoningen en uitvoeringslast Toeslagen,2025-10-06T12:00:00+02:00,2025-10-06T12:00:00+02:00,2025-10-06T12:00:00+02:00,Uitgevoerd,2025-2026,Tweede Kamer
e4c07d7d-9cef-492e-b64f-00ed7cac22d7,Inbreng feitelijke vragen,27e voortgangsrapportage over het programma Ruimte voor de Rivier,2016-05-17T12:00:00+02:00,2016-05-17T12:00:00+02:00,2016-05-17T12:00:00+02:00,Uitgevoerd,2015-2016,Tweede Kamer
71325a9a-e408-406e-8d3a-00f0405474e0,Algemeen overleg,RBZ Gymnich ,2015-03-03T19:00:00+01:00,2015-03-03T19:00:00+01:00,2015-03-03T21:00:00+01:00,Uitgevoerd,2014-2015,Tweede Kamer
fa30e2b7-e1a6-4fc1-a0b9-00f044aa9764,Werkbezoek,IPC CFSP /CSDP in Athene,2014-04-03T10:00:00+02:00,2014-04-03T10:00:00+02:00,2014-04-04T23:59:59+02:00,Uitgevoerd,2013-2014,Tweede Kamer
01324326-ede4-4a6b-911b-00f0a367450b,Plenair debat (tweeminutendebat),Tweeminutendebat Subsidieregeling School en Omgeving 2025-2028 (31293-779),2025-01-29T10:45:00+01:00,2025-01-29T10:45:00+01:00,2025-01-29T11:00:00+01:00,Uitgevoerd,2024-2025,Tweede Kamer
702e6bd7-ca10-401a-b9d3-00f17933d97f,Algemeen overleg,Ontwikkelingen Griekenland (verplaatst naar donderdag 16 juli 2015),2015-07-15T13:30:00+02:00,2015-07-15T13:30:00+02:00,2015-07-15T16:30:00+02:00,Verplaatst,2014-2015,Tweede Kamer
f5436e52-2ffd-44d7-8a9b-00f1a335001a,Procedurevergadering,Procedurevergadering,2018-06-19T16:30:00+02:00,2018-06-19T16:30:00+02:00,2018-06-19T17:30:00+02:00,Uitgevoerd,2016-2017,Tweede Kamer
5759188b-af99-47f8-ab3a-00f1c5c77fb6,Procedurevergadering,Extra procedurevergadering Financiën,2019-04-11T15:30:00+02:00,2019-04-11T15:30:00+02:00,2019-04-11T16:00:00+02:00,Uitgevoerd,2018-2019,Tweede Kamer
2d5a972d-73d6-4905-a760-00f227c7372a,Werkbezoek,Werkbezoek aan Denemarken en Zweden (4-9 mei),2009-05-04T08:00:00+02:00,2009-05-04T08:00:00+02:00,2009-05-04T12:00:00+02:00,Uitgevoerd,2008-2009,Tweede Kamer
6d39f2f4-6b9f-4abd-b4bc-00f3e3526eb6,Commissiedebat,Arbeidsmarktbeleid - verplaatst naar 26 maart om 14.30 uur i.v.m. samenloop plenair,2025-03-06T13:00:00+01:00,2025-03-06T13:00:00+01:00,2025-03-06T18:00:00+01:00,Verplaatst,2024-2025,Tweede Kamer
484540df-307a-4f63-9547-00f5dcb187d6,Inbreng verslag (wetsvoorstel),Overige fiscale maatregelen 2025,2024-10-03T14:00:00+02:00,2024-10-03T14:00:00+02:00,2024-10-03T14:00:00+02:00,Uitgevoerd,2024-2025,Tweede Kamer
4ab47c8a-546c-4584-a711-00f6c6b61541,Technische briefing,ARK Rapport Centra voor Jeugd en Gezin in gemeenten; een samenwerkingsproject met gemeentelijke rekenkamers,2012-06-21T14:00:00+02:00,2012-06-21T14:00:00+02:00,2012-06-21T15:00:00+02:00,Uitgevoerd,2011-2012,Tweede Kamer
3606cc20-ea08-43ff-9f20-00f79edbe8a6,Petitie,Invoering OV-chipkaart/afschaffing strippenkaart voor visueel gehandicapten  ,2009-01-27T13:30:00+01:00,2009-01-27T13:30:00+01:00,2009-01-27T13:45:00+01:00,Uitgevoerd,2008-2009,Tweede Kamer
3edf1948-92c1-43b9-93e9-00f817d98f28,Algemeen overleg,Slachtofferbeleid (tot nader order uitgesteld),2017-02-23T13:00:00+01:00,2017-02-23T13:00:00+01:00,2017-02-23T16:00:00+01:00,Verplaatst,2016-2017,Tweede Kamer
012cf79e-8de7-430d-b886-00fa14edd080,Algemeen overleg,Mensenhandel en prostitutie,2016-04-26T16:30:00+02:00,2016-04-26T16:30:00+02:00,2016-04-26T19:30:00+02:00,Uitgevoerd,2014-2015,Tweede Kamer
e6008fe2-a10c-450d-8dae-00fb92054575,Rondetafelgesprek,Grondbeleid,2014-04-03T10:00:00+02:00,2014-04-03T10:00:00+02:00,2014-04-03T12:00:00+02:00,Uitgevoerd,2013-2014,Tweede Kamer
2318a602-b744-4d1d-b752-00fc035e6e36,Plenair debat (debat),Debat over buitenlandse spionage via mobiele netwerken ,2021-06-29T18:45:00+02:00,2021-06-29T18:45:00+02:00,2021-06-29T21:15:00+02:00,Uitgevoerd,2020-2021,Tweede Kamer
d57c305c-c23d-465c-a1bb-00fc925718d4,Plenair debat (wetgeving),Algemene Financiële Beschouwingen (35570-IX) (voortzetting),2020-10-01T10:16:00+02:00,2020-10-01T10:16:00+02:00,2020-10-01T17:32:00+02:00,Uitgevoerd,2019-2020,Tweede Kamer
5896ce2d-410f-479d-ba92-00fcc8d22f3a,Procedurevergadering,Procedurevergadering VROM,2009-10-07T11:30:00+02:00,2009-10-07T11:30:00+02:00,2009-10-07T12:30:00+02:00,Uitgevoerd,2009-2010,Tweede Kamer
3c2bec5a-fc09-40f3-b898-00fe0c2f8b6d,Vergadering,Commissiebijeenkomst,2016-03-07T10:00:00+01:00,2016-03-07T10:00:00+01:00,2016-03-07T16:00:00+01:00,Uitgevoerd,2015-2016,Tweede Kamer
b9c59b96-c62f-478f-9e40-0100f73b1c35,Plenair debat (debat),Debat over de 125 miljoen euro voor woningcorporatie Humanitas,2018-04-05T14:15:00+02:00,2018-04-05T14:15:00+02:00,2018-04-05T16:15:00+02:00,Uitgevoerd,2017-2018,Tweede Kamer
ad706e49-d7d4-4e88-8870-0102812455ff,Plenair debat (tweeminutendebat),VSO JBZ-Raad d.d. 6 en 7 juni 2019 (deel asiel- en vreemdelingenbeleid),2019-06-05T20:30:00+02:00,2019-06-05T20:30:00+02:00,2019-06-05T20:40:00+02:00,Uitgevoerd,2018-2019,Tweede Kamer
0573e43d-17d5-4e0a-a0af-0102acd43727,Inbreng schriftelijk overleg,Informele Raad voor Werkgelegenheid en Sociaal Beleid op 12 en 13 februari 2026,2026-02-05T10:00:00+01:00,2026-02-05T10:00:00+01:00,2026-02-05T10:00:00+01:00,Uitgevoerd,2025-2026,Tweede Kamer
939456fe-6adf-4ea6-8d3d-0104938f7f04,Inbreng schriftelijk overleg,Voorhang - Waardering voor Betere Zorg IV - 29248-109,2010-02-12T12:00:00+01:00,2010-02-12T12:00:00+01:00,2010-02-12T12:00:00+01:00,Uitgevoerd,2009-2010,Tweede Kamer
1c56410b-f44f-4021-8253-01049e9f81cf,Inbreng verslag (wetsvoorstel),Goedkeuring van het op 19 mei 2016 te Brussel tot stand gekomen Protocol bij het Noord-Atlantisch Verdrag inzake de toetreding van Montenegro ,2016-09-29T14:00:00+02:00,2016-09-29T14:00:00+02:00,2016-09-29T14:00:00+02:00,Uitgevoerd,2015-2016,Tweede Kamer
e4860ace-5d26-4549-9a04-0105680a5f3d,Gesprek,Toelichting op het rapport Zicht op chemische stoffen en op de EU-strategie duurzame chemische stoffen (via videoverbinding). ,2020-11-30T13:00:00+01:00,2020-11-30T13:00:00+01:00,2020-11-30T14:00:00+01:00,Uitgevoerd,2020-2021,Tweede Kamer
4af5a941-eda8-476c-accd-01075196c54f,Algemeen overleg,Rusland,2013-04-03T17:00:00+02:00,2013-04-03T17:00:00+02:00,2013-04-03T19:00:00+02:00,Uitgevoerd,2012-2013,Tweede Kamer
d571896d-e24e-4991-b674-0108199b7188,Gesprek,"Minister van Buitenlandse Zaken van de Palestijnse Autoriteit, Riad Malki geannuleerd",2019-12-04T11:00:00+01:00,2019-12-04T11:00:00+01:00,2019-12-04T12:00:00+01:00,Geannuleerd,2019-2020,Tweede Kamer
71c4d39c-003f-48b7-8227-010b613c3120,Inbreng feitelijke vragen,Rapportage van de second opinion over kortere opvolgtijden op het spoor in zijn algemeenheid en meer specifiek voor de OV-SAAL corridor,2012-10-31T12:00:00+01:00,2012-10-31T12:00:00+01:00,2012-10-31T12:00:00+01:00,Uitgevoerd,2012-2013,Tweede Kamer
