Id,Onderwerp,Aanvangstijd,Eindtijd,Volgorde,Status,Activiteit_Id
526a9c67-cd61-40ae-8ed5-000020506d08,Een horizonbepaling met betrekking tot participatieplaatsen (Wet horizonbepaling participatieplaatsen) (kamerstuk 31 548),,,1,Vrijgegeven,7ff03f08-75fa-46f1-a666-7702aceb6f02
be1723ee-7b93-46ca-9430-000037c896f2,"Uitnodiging Marketing Drenthe, provincie Drenthe en meerdere organisaties voor werkbezoek aan Koloniën van Weldadigheid",,,3,Vrijgegeven,fab1a524-74de-4c2d-a256-ea03d0b78401
b4eacc59-79b1-467a-9732-00003862e383,"Commissiedebat Gehandicaptenbeleid - donderdag 14 september 2023, 14.30 tot 18.30 uur",,,37,Vrijgegeven,5c5a2a37-e7be-4902-8584-44ea351cd040
195e6774-0f71-4f7d-a99b-0001444b5ce5,Brieven regering:,,,2,Vrijgegeven,25b6d99b-494e-4202-a60b-75dac5aff5fc
70bc9d63-4b8c-4552-91c1-00017f24b087,Migratierapportage van het ministerie van Buitenlandse Zaken 2024,,,18,Vrijgegeven,e8903c74-0eee-41d0-808d-17b86cf33138
8e7a41d8-a396-4f4c-b6ac-0001d5773dbf,"Aanbieding speciaal verslag ""Humanitaire hulp van de EU onder beheer op afstand - Potentieel om levens te redden, maar aanpak vertoont tekortkomingen"" van ERK",,,34,Vrijgegeven,ca526809-4051-4bf5-aa8c-8c778b38a241
7765dcb2-8bb6-48ab-b5de-000289190bf2,Rapportages van de Nederlandsche Bank (DNB) en van het Centraal Planbureau (CPB),,,25,Vrijgegeven,a6de428f-3e55-4410-b9b5-53d5a71c5fa6
9c6542bf-c7c9-4a02-bab1-00029658d703,Jaarverslag Ministerie van Justitie en Veiligheid 2024,,,48,Vrijgegeven,a68aef25-327f-467b-bf47-95681360d12b
d21c4e63-b14f-46d7-a7ed-00031d23ad99,Voorstel van het lid Lodders (VVD) tot het samenstellen van een werkgroep informatievoorziening Belastingdienst,,,91,Vrijgegeven,486ae5c4-056a-4540-b927-f6883804a1fc
5c3d3be6-1166-49f7-82b3-0003515c3fda,Reactie op verzoek commissie inzake extra informatie over de ontvangen tweede rapportage project Renovatie Binnenhof,,,17,Vrijgegeven,aaa43565-eed1-4d27-8250-13a27f14cf0b
115505a0-d7dc-44eb-98a4-0003bae237dd,Reactie op verzoek commissie over het rapport ‘Maatschappelijke waarde sectoren’ van CE Delft in opdracht van Natuur & Milieu,,,27,Vrijgegeven,cea85d4b-dfe1-4580-aca6-f368cdc3ae93
316bb9e7-3ef7-4d2c-91e9-00041a4666e9,Het lid Leijten: rappel onbeantwoorde schriftelijke vragen ,,,6,Vrijgegeven,6f431bac-4e4f-44d5-be58-b531526cd57d
edab13a3-5d22-4973-915a-00041f86f917,Reactie op verzoek van de commissie voor V&J om een reactie op twee rapporten inzake prostitutie,,,6,Vrijgegeven,042976b6-4164-4530-b16d-96c198c3da60
05b31225-ed9f-4add-80ff-000424cc6983,Stand van zaken aanpak problemen met sms-diensten,,,19,Vrijgegeven,197259c6-83c0-493b-bba9-cb6c14e16333
69869af3-feac-4c83-af70-00043cb5c3c0,Verzoek aan minister J&V stand van zaken te geven inzake tot het inzetten van tipgelden en beloningsgelden en het modelprotocol informatie delen,,,1,Vrijgegeven,8f81c06f-0266-4d5b-8fbc-90b34f734df4
fbffd48a-5df7-428a-ae18-0004572573eb,Opnieuw aan te houden moties,,,15,Vrijgegeven,6f2a4f90-b825-45b7-aeaf-cff853064a51
7f87dc07-8be7-474f-86a9-00046fb66435,Informatie over het besluit tot wijziging van het Besluit brandstoffen luchtverontreiniging en het Activiteitenbesluit milieubeheer,,,3,Vrijgegeven,40fe6eb6-c03b-4ff5-8974-7e936058a3e7
f703ae5c-6fd1-4ccc-8150-0004c8090f04,Reactie op het eindrapport van de commissie Levelt,,,40,Vrijgegeven,e684b850-2d85-4db6-8005-18474afd3e86
72ddb174-5ad0-4127-bdd7-00051ccf2617,Openstaande verzoeken van de commissie aan bewindspersonen,,,21,Vrijgegeven,b30d8472-442e-4b71-b321-d0765e680079
9789d062-95ba-480b-a1bf-00055cef748e,Nazending bijlage behorende bij brief inzake beschikbaarheid van het afschrift van het energielabel voor huurders,,,73,Vrijgegeven,48bc0cc6-0a19-4bd3-b43a-ece2a7ad0ded
f30526a9-8f38-4476-a2ec-00056db87b9c,Wijziging van de Participatiewet en enkele andere wetten in verband met het verbeteren van de regeling voor loonkostensubsidie en enkele andere wijzigingen (uitvoeren breed offensief),,,8,Vrijgegeven,78b510de-9201-45f6-a33c-cfaf3e66909f
d59da021-5424-4f58-ab72-000570cd232e,Brievenlijst,,,1,Vrijgegeven,fae2d3bc-a3c7-472a-8f47-4f335b0df943
af33b050-9e94-4493-a555-000592d92359,Kennismakingsgesprek met Actal,,,1,Vrijgegeven,32f2c000-c93f-4580-89d6-4a2b675279ce
bef9fca9-e2c7-4a1a-badc-0005b3960051,Ingetrokken amendement,,,4,Vrijgegeven,19e5aad0-2e78-4645-a3ab-91087d3b2d10
244e2ae8-9557-49ba-87ad-0005c7f25bf9,"Plan om racisme en discriminatie in het voetbal tegen te gaan: ""Ons voetbal is van iedereen, Samen zetten we discriminatie buitenspel""",,,2,Vrijgegeven,3394aed5-4315-4a39-9012-c416f5045fbb
07d71dd9-b351-4c1a-8f01-0006183201de,Voorstel bijzondere procedure over het standpunt dat ook voor zachtere pensioenaanspraken de risicovrije rente moet gelden,,,31,Vrijgegeven,e88ab6b5-2db9-4251-b9e6-f0100a1cfde5
6956c420-2e05-46a2-82b3-00062d5e0c73,Appreciatie van de motie van het lid Van Esch over dieren uit illegaal fokbestand onderbrengen bij opvangcentra ,,,25,Vrijgegeven,f4e42377-601a-412b-8e7f-351bfefab7c0
e0d6952c-3387-4f01-9327-00063659cc4a,Slotwet begroting van Jeugd en Gezin 2008,,,1,Vrijgegeven,a4cad34b-c50b-4149-9cde-b32f7f3cc8b5
e4b7007e-fe4c-4599-9f37-00063ab980ec,Gewijzigde vervoerconcessie voor het hoofdrailnet,,,4,Vrijgegeven,83986f8e-195e-4460-8b06-13d0f5423aef
9be1564b-02b0-46f4-9f55-000659b7412a,Reactie van de Mediafederatie naar aanleiding van het rapport van het CBS naar de prijsontwikkeling bij digitale publicaties,,,23,Vrijgegeven,2d6685f1-738e-4771-bd1f-2f7d215925da
c9c57a50-0cbf-4fed-af1e-00068352c9de,Verslag Videoconferentie voor landbouw- en visserijministers van de EU 29 juni 2020,,,3,Vrijgegeven,a8a58c6c-4eb7-4c22-beb7-bf8dca050300
a43990cd-a2dc-43c5-8d69-000686d4230a,Besluit over de toekomst van bovenregionaal sociaalrecreatief gehandicaptenvervoer ,,,2,Vrijgegeven,554666aa-fb43-4ada-b2c9-d2efdcebc046
d6bbb61f-006d-47b5-b481-0006db99a94b,Advies van de voorzitter van de vaste commissie voor de Rijksuitgaven inzake de beëindiging van het groot project HSL-Zuid,,,5,Vrijgegeven,73fb12d1-1983-4aa4-8099-cde8aaa6d550
3d1c55c7-dfcc-4e62-8f3e-000730cab9f5,Brief regering:,,,2,Vrijgegeven,dd7eab17-76ce-4ec9-9666-2a0a96cc7f8f
caecf464-859a-4171-9e2b-00074e4b8744,Afschrift van een brief aan de heer C. H. te L. over de procedure van een raadsbesluit van de gemeente Lisse inzake vermeende fiscale fraude,,,35,Vrijgegeven,f1788633-3549-41f1-834e-211b127d9349
abc739bf-aa26-43a9-99e6-0007de3d8caa,Ontwikkeling dashboard over criminaliteitscijfers,,,17,Vrijgegeven,dcc690a2-0a4b-4993-8a84-e3238984d1aa
3d308467-63dd-4a09-a6a4-0007f783a151,"Reactie op het verzoek van het lid De Jong, gedaan tijdens de Regeling van Werkzaamheden van 26 maart 2019, over het bericht dat het gemiddelde inkomen van Nederlandse werkenden nauwelijks stijgt ",,,10,Vrijgegeven,a8080c63-40d0-4d40-b175-499c88f26d11
299edd0a-8469-4ce8-a3f1-000823187636,Overzicht van interparlementaire bijeenkomsten in de eerste helft van 2023,,,25,Vrijgegeven,2eb4fe82-8af7-4a3e-a10e-7318c03ad6a6
04edaf81-dcf5-4011-8162-0008247fa28c,Rapport Paardenmiddel of noodverband?; Resultaten prijsonderhandelingen geneesmiddelen,,,55,Vrijgegeven,c2a98136-c46f-4348-8fbf-e64317c895aa
b85ce498-87a5-4c3f-8325-0008547cc271,Reactie op verzoek commissie om een reactie op het “Cuban LGBT blackbook” van LGBT Asylum support en verzoek om thematisch ambtsbericht over de situatie van LHBT’s in Cuba,,,49,Vrijgegeven,56e2b960-7c04-4dd2-842d-1de14eccfbf3
21323144-10e7-4010-baee-00085dec6aa3,Financiering van Nederlandse infrastructuur door institutionele beleggers ,,,2,Vrijgegeven,4b8ec5f8-98ca-43f5-b598-83d280d2011b
0fad7002-58f6-4673-9874-00088de5ae1d,Reactie op het parlementair onderzoek “Kosten en effecten klimaat- en energiebeleid”,,,2,Vrijgegeven,31ad5467-a1d2-4eed-afef-29261b37402b
9617cc36-4ead-46c7-b0f1-0008e9d12bd8,Wet houdende aanpassing van het Wetboek van Burgerlijke Rechtsvordering ter invoering van de elektronische indiening van een dagvaarding (Wet elektronische indiening dagvaarding),,,1,Vrijgegeven,0988ba80-77a0-41dc-9911-307a746502bd
6e0392fc-d8e8-41d0-b8d6-0008ecc4950d,Wijziging Besluit capaciteitsverdeling hoofdspoorweginfrastructuur,,,1,Vrijgegeven,1a94122f-0420-42ae-9ddc-a8e2f9b2ce6f
7652e427-ffc2-430d-b63c-00090ce9273f,"Overzicht uitstaande leningen aan Curaçao, Sint Maarten en Aruba",,,3,Vrijgegeven,c50542fb-9b2e-4c50-80d1-bad43c528def
f4ca37ee-2aa9-4ca5-a1dc-0009206eb93a,Afschrift brief aan de gemeente 's-Hertogenbosch inzake besluit gebiedsaanwijzing Wbmgp gemeente 's-Hertogenbosch,,,14,Vrijgegeven,95cbf987-7ef1-45b7-8b59-bb92784bebd4
957f2a2f-d69c-419a-a8ba-0009b804ddc8,Instellingsbesluit en Benoemings- en vergoedingenbesluit Commissie sociaal minimum Caribisch Nederland,,,10,Vrijgegeven,cb236383-7ebf-494a-a234-6010efb88227
b1175d28-f306-487d-b1f1-000a2dd6cb03,"Wijziging van de Wet basisregistratie ondergrond (bronhouderschap modellen, kwaliteitscontrole en enkele verbeteringen) (35088)",,,1,Vrijgegeven,776c81ae-683a-4772-b3f6-e4caccc9f31c
4a0832fd-be4c-4e62-ba9d-000a311554de,Inwerkingtreding Omgevingswet (2020Z05972),,,1,Vrijgegeven,758a392f-cb54-4e01-aacd-5d61e2510e85
0497d338-e60d-46dd-bb77-000a885d811a,Uitstel beantwoording vragen commissie over de reactie op verzoek commissie inzake onderzoek van de Autoriteit Persoonsgegevens naar de informatiebeveiliging van de afdeling Data en Analytics van de Belastingdienst ,,,19,Vrijgegeven,3ba5d852-6e37-4289-8821-b4182d099895
153c589d-a9c0-43e9-92ec-000c4d47119d,"Lijst van vragen en antwoorden over de beleidsreactie op het Onderwijsverslag 2012–2013 van de Inspectie van het Onderwijs d.d. 16 april 2014 (Kamerstuk 33 750 VIII, nr. 107) ",,,16,Vrijgegeven,49c89958-3a54-4224-b08f-723122a99495
f06efa7e-8783-43c5-934e-000ccd2f0958,Geplande activiteiten,,,2,Vrijgegeven,1e339152-813f-42e5-b361-7eb9cfcc75bb
984c28b0-11dd-488b-9486-000d7ac97ab9,"Verzoek om reactie minister SZW op het gegeven dat SVB door het ontbreken van de doelbinding in de wet geen inkomens- en vermogensgegevens kan gebruiken bij het terugdringen van het niet-gebruik van de AIO, en wat mogelijk de nadelen zouden kunnen zijn van het wel opnemen van deze doelbinding",,,25,Vrijgegeven,8c87a1bb-2dfa-4740-8447-8b3e683120b9
8e9e1d1d-51ee-422e-9b43-000db90b1656,Debatten en dertigledendebatten,,,29,Vrijgegeven,fd53987e-0b79-4ee1-a199-8974fc6633a2
e6054fd9-1729-404c-bb8b-000df0c67253,Vervolg exploitatie Betuweroute en voortgangsinformatie,,,2,Vrijgegeven,5329f51d-3d25-4b1d-a171-8bf22456eba9
fb98111c-3fc0-48b6-b1fe-000e5904556d,Voortgang ICT Belastingdienst,,,31,Vrijgegeven,803baf13-fd3b-42ef-86ff-7524e1f18a3b
cdbf71ec-e622-4a03-9a09-000e6ee5afa1,Executieveiling woningen,,,17,Vrijgegeven,29874996-2144-416a-b4f0-70d0d2349396
91d40ab3-5221-427e-8a8a-000ee05f0586,Stand van zaken coronamaatregelen Rechtspraak en Openbaar Ministerie,,,31,Vrijgegeven,e8b4abb0-1892-48a1-be72-71db7892158a
2cb32caa-c94e-4add-9afc-000f23ae41ce,Staat van de Oorlog in Europa,,,12,Vrijgegeven,17e891dc-ae58-4bca-82b7-997e723a17b8
3a0d7266-89d7-42c4-ae6c-000f35d59269,26e Voortgangsrapportage Zandmaas en Grensmaas,,,1,Vrijgegeven,7b176778-363a-42ce-9357-45e7b78c545f
6cd6e79c-91e7-4e2e-b0af-000fc5554902,Het lid Berndsen: rappel onbeantwoorde schriftelijke vragen ,,,19,Vrijgegeven,2ed5316b-8a79-49ed-a0cb-a5152d2830a2
9646ce0e-0585-46f1-8cc0-0010373f6b4e,Wijziging van de Gaswet betreffende het beperken van de vraag naar laagcalorisch gas van grote afnemers,,,4,Vrijgegeven,93ab66fe-fd85-41fa-99ed-84752a20501c
88b08d55-e7f8-45f8-b67c-001067546cbc,Verzoek ontvangst delegatie,,,60,Vrijgegeven,15ea0dd3-ce5e-4198-b8e9-f64065e69c80
3f65369e-0411-42f9-85e6-0010a35f70fa,Reactie op het advies van de Adviescommissie voor Vreemdelingenzaken (ACVZ) “Profileren en selecteren. Advies over het gebruik van profilering in de uitvoering van het vreemdelingenbeleid.”,,,6,Vrijgegeven,226dfd8f-9be0-4f68-8c02-8aa5644de63c
056d8f51-c384-4bc9-9bd7-001120dbe555,"Advies van de Raad voor de leefomgeving en infrastructuur ""Grond voor gebiedsontwikkeling; instrumenten voor grondbeleid in een energieke samenleving""",,,25,Vrijgegeven,abfabdc3-f7a6-46a3-a9e0-b67e7e317021
3719081f-7276-4dc1-9e0b-001133c3ea05,32e Voortgangsrapportage van de Voortgangscommissie Sint Maarten,,,6,Vrijgegeven,dae95009-0102-4a55-b680-309f979fc2e4
77e682cc-d195-46d0-b63c-00117fd6d1d5,Nahang Besluit beleidskader stedelijke vernieuwing 2010,,,4,Vrijgegeven,69678353-4de5-4323-9ca9-c1e3304c8afc
b2e7e6a1-b8dc-465a-9072-001240b3c349,Toestemming voor een gesprek met de PV Brussel om meer zicht te krijgen op de totstandkoming van EU-handelsakkoorden en het onderhandelingsproces,,,12,Vrijgegeven,e3c6e380-2ece-4c3f-8616-c35162d48812
b85e8cca-1185-4142-a76a-001245b379cc,Openbaarmaking ambtsberichten,,,4,Vrijgegeven,fa84021d-0ca1-41cd-a9b3-acb322500423
f51003ab-a457-4e50-b2a6-00129ce445af,Invoering van een tijdelijke solidariteitsbijdrage (Wet tijdelijke solidariteitsbijdrage),,,9,Vrijgegeven,ec5fbc43-81d9-4d6d-b883-f688822f266f
f1b353a1-e393-4f54-9207-0012f884e835,Werkbezoek aan Limburg in verband met mijnschadeproblematiek,,,1,Vrijgegeven,9328284c-de03-41b3-93d3-8e9747ebf757
b1114b6c-4cf7-41c9-ac95-0012f8f33fb0,Antwoorden op vragen commissie over de geannoteerde agenda voor de Raad Algemene Zaken van 27 mei 2025 (Kamerstuk 21501-02-3138),,,1,Vrijgegeven,0e3cb904-9cb5-49a3-a5e8-4308456a344e
84dfb162-8d8c-4a5a-97ba-0012fcbf393d,Reactie op verzoek commissie over aanvallen op Syrische vluchtelingen in Libanon,,,24,Vrijgegeven,671427ce-6200-4048-9b62-2877cf87d148
288711f1-26e8-447d-9028-0013670738fb,Nieuwe regels met betrekking tot de verdeling van woonruimte en de samenstelling van woonruimtevoorraad (Huisvestingswet 20..),,,11,Vrijgegeven,6df13e4f-77e2-4046-810d-a140f486880c
64f89879-4cf7-49ac-8ab1-00136cfd22ed,Nadere invulling wapenexportbeleid Turkije,,,6,Vrijgegeven,1e8c80ea-c3c5-4f62-ae42-36d1f5a9da1f
04c0f9ad-6457-403e-aaba-0013d781708f,Verslag van het bezoek van de Turkse premier Erdogan aan Nederland,,,7,Vrijgegeven,d9f31f58-2f11-41f3-9b61-879fec1111bc
94161ccc-c4f1-412b-940a-0014a2fc4551,Wijziging van het Burgerlijk Wetboek in verband met de uniformering en de verduidelijking van enkele bepalingen omtrent het bestuur en de raad van commissarissen van rechtspersonen (Wet bestuur en toezicht rechtspersonen),,,21,Vrijgegeven,072216f9-ae01-4ab1-ad8f-027b49d62912
6aafb9f2-bb54-4130-8b41-0014a5a92789,Koninklijke boodschappen:,,,1,Vrijgegeven,b005a733-82fd-4319-b769-6b06c211ba8c
9318f858-f2f2-4d85-ac38-0014b517f29b,Verzoek van het lid Thijssen om de technische briefing over het Roland Berger-rapport uit te stellen,,,1,Vrijgegeven,7bed57f8-8893-4f7b-b61e-acdc6a5684b5
017f03ec-bed6-41b5-b76c-0014bc8214f2,Brievenlijst,,,2,Vrijgegeven,854a38ed-6ec7-4a99-87a9-c5a975d7cfea
4ee4eb71-61b8-47b5-9157-0014dd634be5,"E-mailprocedure: Verzoek van de fractie van D66, mede namens het CDA en de PvdA, om de inbrengdatum van het verslag over wetvoorstel wijziging Meststoffenwet vast te stellen op 5 september 2012.",,,236,Vrijgegeven,6af6824c-2ef8-442b-a04c-8964099fc75e
2bfd6046-0363-4853-8d36-00153444a653,Beleidsreactie vervolganalyse naar de werkwijze in de instellingen van kloosterorde De Goede Herder,,,51,Vrijgegeven,dbe32c36-c5d3-48e0-b5c5-41039727ae09
24529720-7534-40c2-aae7-00155bf553ea,Begroting Sociale Zaken en Werkgelegenheid (35300-XV),,,1,Vrijgegeven,854b8dfc-3531-4588-93c0-df5f606cf93a
acbfcacd-e7f6-4c0f-9cc0-001570f414ca,"Reactie op de motie van de leden Alkaya en Weverling over onderzoek naar strategische afhankelijkheden en kwetsbaarheden in Nederland, en hoe die in nationaal of Europees verband gemitigeerd kunnen worden (Kamerstuk 35570-XVII-26), de motie van het lid Sjoerdsma c.s. over de Europese Commissie verzoeken een lijst op te stellen van de risico's omtrent de leveringszekerheid van essentiële goederen (Kamerstuk 35663-15) en de motie van het lid Brekelmans over een snellere afname van strategische afhankelijkheden van China (Kamerstuk 21501-02-2383)",,,8,Vrijgegeven,05f126e1-6dff-41a4-a3bf-0ea4d038a582
27515d38-a08e-4a2e-9ca3-001597ee11fa,VAO Werktijdverkorting en stremming in de Rijn (AO d.d. 8/6) ,,,3,Vrijgegeven,a528626c-1369-4d4a-88d3-938dabd5d343
dc7618a9-200b-4667-9dd6-001618a87db3,Fiche: Mededeling EU Strategie betreffende verwarming en koeling ,,,9,Vrijgegeven,30c01284-f4d3-49d5-a6c0-a363df52b984
7fe34e43-bc79-4756-afa1-001633d8170a,Vaststelling van de te hanteren agenda voor het algemeen overleg inzake Arbeidsmarktbeleid ,,,28,Vrijgegeven,f6f8041a-f669-4c9f-90fc-81c0e2025995
8d3e2c5b-88b2-4957-bff7-00167fae6f3c,Vaststelling van de begrotingsstaten van het Ministerie van Economische Zaken (XIII) voor het jaar 2026,,,1,Vrijgegeven,0fa743b4-9a26-4575-8781-161ae5715451
aff828f1-e07a-46c6-8c4c-00168730f42b,Verzoek NKC tot aanbieding petitie 'Verhoog de wegenbelasting voor campers niet',,,1,Vrijgegeven,0ee6ae92-0830-4f37-b3cd-81b9c8355172
c3a5e1bf-2ccb-46d8-b848-001754ff1304,Benoemingsprocedure lid toetsingscommissie inzet bevoegdheden ,,,3,Vrijgegeven,1f0a710b-8721-49f2-a120-14191503f2c6
601aaa1f-4eb5-4c4d-9240-0017fd3c0bb9,Van de stand van werkzaamheden afvoeren,,,5,Vrijgegeven,d77e4f50-b75c-4ecb-8e35-6ba394ccd487
2d0e04c8-c614-408d-bcc0-001858d0e43f,Overzicht geplande activiteiten (ter informatie),,,8,Vrijgegeven,c3c529c5-838e-46f3-883e-336893bb339a
63a55485-055b-431d-95a1-0018616b77f0,Fiche: Wijziging van de richtlijn vakbekwaamheid bestuurders,,,6,Vrijgegeven,04443bd1-375f-4dc3-9ca5-683f4924a3e1
617bedf6-6f95-455a-a926-00187e47652d,Het lid Smaling (SP) verzoek uitstel stemmingen (punt 24 op de stemmingslijst) over de ingediende moties bij het debat over de waardedaling van woningen in Groningen ,,,12,Vrijgegeven,986a1300-8263-4b15-9689-cd5a9b137c87
9721d891-8b2b-4a3b-8464-00188e423c15,Reactie op de motie van het lid Eerdmans over per direct maatregelen treffen om de druk op tegenwerkende herkomstlanden op te voeren en op de motie van het lid Valstar c.s. over bezien of kan worden aangesloten bij het Franse initiatief om visummaatregelen te nemen tegen landen die terugkeer tegenwerken ,,,4,Vrijgegeven,2537b580-136d-4e2f-a074-f392558f9d28
9ddddcd6-2977-46b2-8821-0018d330b05a,Het lid Cramer namens het lid Voordewind: VAO Preventie suïcide (AO 1/10) op de plenaire agenda,,,6,Vrijgegeven,8d2cd160-3ddd-4b24-b295-aa0badc38730
f976b042-4cc5-44e2-961c-001900efd3bd,Verslag van de belangrijkste resultaten van de 61ste jaarvergadering van de Internationale Walvisvaart Commissie (IWC61),,,63,Vrijgegeven,c26b1c6c-d2c2-4eb4-8576-03c8d8a63be3
e411faf1-a1c3-49de-b269-001912179441,Beperken van de afsteektijden van vuurwerk rond de jaarwisseling,,,28,Vrijgegeven,aa96da3a-38e8-49d1-9d57-e06e6336291d
b0b67759-b946-46ce-9cbd-001935a46116,Opnieuw aan te houden motie,,,9,Vrijgegeven,d1c3bf86-fb4e-4ef3-976f-4268984cc9b9
cf3510fe-180d-409b-b1e9-001965bdf371,Brievenlijst particulieren,,,3,Vrijgegeven,4c44cbd0-7547-4e00-93e5-531d4bfdeb6a
493eec47-c57a-48c1-8a84-0019661c031f,Overzicht van bij de commissie aanhangige digitaliseringsdossiers en stukken met een digitaliseringscomponent   ,,,23,Vrijgegeven,a38a0f66-98a4-4c2f-a0ea-79d8552e10bd
ce9179d6-2730-4ebf-82be-00198fa9a92d,"Geannoteerde agenda van de ingelaste bijeenkomst van de Raad van Justitie en Binnenlandse Zaken, 20 juli 2015 te Brussel",,,111,Vrijgegeven,2e75adfb-418d-4461-ab8b-41f833000c07
5e187c81-f157-45a0-b756-0019ed58fdc7,Reactie op verzoek om toestemming van een medewerker van SZW voor deelname aan het rondetafelgesprek beroepsziekten op 12 juni 2014,,,12,Vrijgegeven,9be80d95-00f0-4379-a396-7d551f68d511
a64641f7-1d47-465d-be9e-001a0277e118,"Commissiedebat Mondkapjesdeal - woensdag 29 november 2023, 14.00 tot 18.00 uur",,,50,Vrijgegeven,5c5a2a37-e7be-4902-8584-44ea351cd040
1a6aa377-b5b5-4342-a7ba-001a1b20ad8d,Voorhang ontwerpbesluit tot wijziging van het Besluit register onderwijsdeelnemers in verband met het uitbreiden van de wettelijke grondslagen voor de verwerking van gegevens in het kader van het register onderwijsdeelnemers,,,12,Vrijgegeven,e61b472d-403e-4c90-802d-fecc9132f113
b01d82cc-8fd5-4d3a-a65d-001a5fa88c04,"aanbieding petitie m.b.t. situatie vluchtelingen in Syrië; pleidooi voor vrije doortocht van ingesloten burgers uit Yarmouk, asielverlening aan Palestijnse vluchtelingen uit Gaza en verpleging gewonde Syrische vluchtelingen in Nederland",,,1,Vrijgegeven,05fe65a0-8149-43c0-954c-d7c57b2afded
28e3bad5-b536-49f0-be71-001a625c7487,WBSO in 2024,,,8,Vrijgegeven,5b27f9c0-3687-4850-9d28-3bd1560cdfcc
1e4d3533-46f2-4427-b996-001a7702a20c,Antwoorden op vragen commissie over de tussentijdse evaluatie van de Wet uitwerking Autobrief II en parallelimport in relatie tot de BPM en het TNO-onderzoek naar de WLTP-testmethode en de BPM,,,6,Vrijgegeven,887dd8a9-b80d-4500-a569-e21b40d90849
70daed03-69c7-4166-a4f5-001ac8a8225a,"Uitstel beantwoording vragen van de vaste commissie voor Volksgezondheid, Welzijn en Sport over het vervolg op de procedure Nader Onderzoek Doodsoorzaak minderjarigen (NODO-procedure).",,,17,Vrijgegeven,d345ce08-a3a9-4603-84cd-c2deba796b06
5c3309ab-5195-4f3b-8df8-001b277f494a,Reactie op verzoek commissie over een rechterlijke uitspraak van 1 juni jl. en betrekken van de eerder verzonden antwoorden op Kamervragen over onderbetaling inhuur juridische ondersteuning Rijksoverheid,,,22,Vrijgegeven,7cb3eb0b-5502-4281-8a79-6cca10ff8126
eca1df2a-e1d3-43e9-bcb9-001b3045bb19,Overige plenaire debatten (gebaseerd op de langetermijnagenda van 7 oktober),,,39,Vrijgegeven,f6201b11-958a-4b10-85ba-e5b5c56f034a
a6b77097-6c74-43bf-8e93-001b74b55725,"Reactie op het RLi advies 'Toegang tot de stad: hoe publieke voorzieningen, wonen en vervoer de sleutel voor burgers vormen.'",,,71,Vrijgegeven,d27902e9-5880-4128-aaf9-32026db9edc3
43698d75-85cf-4c2d-b127-001beab88c5d,Plenaire activiteiten (gebaseerd op de langetermijnagenda van 26 juni 2020),,,54,Vrijgegeven,3f465285-af2f-4826-bf8d-3914783873e4
66b20717-8b5d-4af9-b6cd-001c4aaa071f,Verzoek van de VVD-fractie om nog twee namen toe te voegen aan de lijst voor het RTG Desinformatie/Digitale inmenging op 20 februari 2019,,,1,Vrijgegeven,8e4a7279-bce3-4437-ba94-5fced144c406
89c826be-1f78-475d-8f37-001c83f3d3d8,Het lid Omtzigt: rappel brief  en aanvullende brief van de minister en de staatssecretaris van Financiën over het bericht dat ING en ABN Amro meegeschreven hebben aan de Wet fiscale aftrek coco's,,,14,Vrijgegeven,e3d7c79f-8b9b-4063-9aeb-4edccef51b3c
cbb29b11-fd57-42ef-b31a-001d9e18d02d,Brief commissie voor de Rijksuitgaven over verbetering onderbouwingsinformatie wets- en beleidsvoorstellen en mogelijkheid hierop wetenschapstoets uit te voeren,,,35,Vrijgegeven,8ca4144a-f6eb-4c15-b32d-7885b0d44b7e
8b819ee0-f810-43ca-84bc-001dd5ea25c5,VAO Behandelvoorbehoud richtlijn energie-efficiëntie (AO d.d. 6/9) ,,,8,Vrijgegeven,a65f7532-d31e-47d4-9e43-7a191df1e2fe
d2c7ad5b-a6d2-43cf-a8dc-001e605523b6,Moties ingediend tijdens het debat,,,2,Vrijgegeven,c76eca53-3dd0-4dce-b75b-594b97035b30
1ae57b15-96e1-4f7d-b612-001ef5cd7236,"Vragen n.a.v. Algemeen Overleg HSL-Zuid op 4 februari 2009, d.d. 4 februari 2009 ",,,4,Vrijgegeven,e082171d-7613-44cc-adf3-5ba94aea8080
5457cf1f-b021-4fa3-aaff-001f0afa7403,Eindevaluatie Nederlandse bijdrage aan ISAF 2006-2010,,,1,Vrijgegeven,af3d9f44-7fb4-498f-b5ad-3aadcfa0ef80
b553fa16-4ee7-4679-bee7-001f12662db0,Verslag JBZ-Raad van 6 en 7 december 2018 te Brussel,,,58,Vrijgegeven,3fcd2800-fcbe-4371-ad4d-551df11a7a19
62f65707-c971-436a-afad-001f18c7d46c,Fiche: Raadsaanbeveling operationele politiesamenwerking,,,5,Vrijgegeven,e89405dc-6fac-42e8-9003-af5d43d04e6f
05ae3f69-52a0-411b-9b05-001f94c9b0b8,Beantwoording op vragen commissie over de Ontwerp Structuurvisie Ondergrond,,,6,Vrijgegeven,da3914b6-9286-48af-8626-fcf79b8d6773
7bacce0a-5731-44b3-a3ff-001f9eb532e1,"Reactie op het verzoek van het lid Beckerman, gedaan tijdens de Regeling van werkzaamheden van 20 december 2017, over het bericht dat de huurtoeslag de komende jaren flink zal dalen",,,12,Vrijgegeven,12a60b7f-34fb-4fe8-9616-9fd7021549f9
02cdd601-c888-4964-9f22-00201dd9ca78,Aanbieden besloten technische briefing inzake China en Open Strategische Autonomie / strategische afhankelijkheden,,,6,Vrijgegeven,6ce68bd7-735a-4a90-b603-bcacb77ecc64
fc51469b-bd3c-4e43-ac3a-002071e7e97b,"Afschrift reactie op de brief van de PO-, VO- en MBO Raad over het lerarenregister",,,4,Vrijgegeven,b3883936-aa49-4fbc-9fa4-61c63f3b0122
b9dbdf09-071f-4492-9f14-0020a1fa1ce9,Opnieuw aan te houden moties,,,5,Vrijgegeven,367ba2e8-f4bb-40fb-ad28-4fd27741b4fd
aa80b61f-8820-4fd4-b89c-0020c72719a5,Vervoerplan NS 2022 en beheerplan ProRail 2022-2023,,,31,Vrijgegeven,6ca51427-42b3-4059-b1cf-dc450dcafd40
091615e4-1ca4-42b0-bc98-0020d622ea39,Aanbieding van het subsidiebeleidskader inzake het Fonds voor Politieke Partijen II ,,,23,Vrijgegeven,8e821969-fb17-4a83-b03d-c511b6bf3e8f
fb2f8fec-b598-43db-a13d-0020ddebe1b0,Vanuit de NMT zijn aanwezig:,,,2,Vrijgegeven,1371e49c-943a-475c-ab65-694de1476784
c295ac85-a764-453e-a3db-002151e8f946,Moties ingediend bij Vaststelling van de begrotingsstaten van het Ministerie van Economische Zaken (XIII) voor het jaar 2014 ,,,12,Vrijgegeven,978d15c6-81d4-4d85-b544-a0043c1fbbfc
e26dd852-1cbb-4e1e-82d0-002152e00359,Stand van zaken over toezending voortgangsrapportage intensieve kindzorg,,,1,Vrijgegeven,31e364b4-f949-4cd7-8e90-5d4e64eb3fbb
f20a3075-ec9a-400f-9d94-002157fe68c9,Rondvraag,,,4,Vrijgegeven,4f2bb4f3-9ce4-4e76-8262-0fdf4102f291
73e84b44-5c1a-4dfb-a4b4-00216031f6d8,Uitvoering van de motie van het lid Sjoerdsma over voorstellen om het anti-fraudemechanisme EDES te versterken (Kamerstuk 21501-02-2312),,,10,Vrijgegeven,1e66b83c-db2f-4bdb-9b65-03679a7b4b04
02e3d686-df09-43ad-9d3c-00219c1713f2,Samenwerkingsforum met Israël d.d. 8-9 december 2013,,,4,Vrijgegeven,27ed2c62-69a0-44ff-8ed9-6b548a404d16
96fcfa66-c8d3-40dd-b32a-0022223da5ad,Feitelijke toegang tot medische zorg in het land van herkomst,,,28,Vrijgegeven,cd64f97d-c864-4079-b649-3cf0bcfe2069
097c271f-bc69-4c1b-b185-0022413e4c62,Beantwoording vragen commissie over het Jaarverslag Buitenlandse Handel en Ontwikkelingssamenwerking 2020 (Kamerstuk 35830-XVII-1),,,11,Vrijgegeven,977ca593-1587-4fc6-8a26-922e750fb18f
0b9c17fb-8596-4427-a1d7-0022d3657a20,“Het Europees Scorebord voor Justitie stelsels 2015” (COM 2015 116 final) ,,,109,Vrijgegeven,2e75adfb-418d-4461-ab8b-41f833000c07
c6a0d6e0-5d0a-4500-8b1c-0022ec965a9b,Visie op het warmtesysteem en de ontwikkeling daarvan ,,,5,Vrijgegeven,1e23d316-994d-4da8-a4b8-6c8971ef0154
c3070d55-9f1a-47d5-b681-00232b0ffc4a,Overzicht ongeplande activiteiten (ter informatie),,,35,Vrijgegeven,67e99196-caad-4b4f-83c1-f177766bddc9
325f4093-9171-49b0-b24e-00233f9ba5c5,"Verzoek van het lid Wassenberg, gedaan tijdens de regeling van werkzaamheden van 28 november 201, over de energierekening van huurders",,,1,Vrijgegeven,473d758f-24e9-4dfa-b2fd-7ccdc29e8ebe
bc8288b9-345e-41aa-a0e3-002354c14c91,"Lijst van vragen en antwoorden inzake hoofdlijnenbrief leerwegondersteunend onderwijs (lwoo) en het praktijkonderwijs (pro)(Kamerstuk 30 079, nr. 39)",,,39,Vrijgegeven,3cc61845-f816-42a8-8f27-8152f4c0dcb5
f1bb1242-67ba-45b6-ae2c-002360425dff,Brievenlijst,,,3,Vrijgegeven,1bfdb240-471f-4b52-8a20-8c1daec2bcab
42796b06-fcf6-4039-8ace-00237dcc8f12,Verslag houdende een lijst van vragen en antwoorden over de Slotwet Ministerie van Sociale Zaken en Werkgelegenheid 2017,,,4,Vrijgegeven,1e99471c-258d-4726-a33f-b2278c32a0b4
b239f02e-b616-47fb-98a6-0023b080ef2f,EU Meerjarig Financieel Kader: administratieve uitgaven 2014-2020,,,2,Vrijgegeven,6b831341-451e-44b0-84a6-4fbcea93c4e0
c0bf421e-8d23-43f7-875c-0023b27b2402,"Ontwerpbesluit, houdende wijziging van het Alcoholbesluit in verband met de aanwijzing van categorieën van personen en horecabedrijven als bedoeld in artikel 30b, eerste lid, van de Alcoholwet",,,20,Vrijgegeven,5c5a2a37-e7be-4902-8584-44ea351cd040
4ba807b2-62ae-4b09-b3ee-0024003efc05,Brief Kamer:,,,4,Vrijgegeven,295eef36-f357-46b1-aec5-dcdaa453efa0
0cda4f26-9403-496f-b395-00241d5d2234,Invulling motie van het lid Wassenberg c.s. over een onderzoek naar de mogelijkheid om het aantal proeven op niet-humane primaten verder te verlagen (Kamerstuk 36200-VIII-113),,,53,Vrijgegeven,e4529a73-f48c-46e6-b90e-df7f5945fbdd
0c65b53e-5316-45b0-90e2-00241ec0fcfb,Voorstel van het lid Moorlag om de bewindspersonen EZK een brief te vragen over de wijze waarop en de mate waarin de regering de economie op een verantwoorde wijze op gang denkt te brengen ,,,1,Vrijgegeven,4ae43329-505e-4621-a615-c4e10ba21f78
9ea91ad6-064b-4445-a2f2-00243b9c6e18,"Integrale voortgangsrapportage steunpakket met focus op NOW, TVL en fiscale steun",,,5,Vrijgegeven,a40a7199-d48b-4a69-abcd-132bb39be9fd
fc34e137-c6e8-4c54-b80d-0024c743f8f7,Uitnodiging Internationale Grüne Woche 2009 ,,,3,Vrijgegeven,5d4ff410-13e7-467f-b3bf-b6255c5a73ca
4da527a4-d38e-42b2-812c-0024d41bc99c,Beschikbaarheid middelen WsW en nieuw beschut werk,,,2,Vrijgegeven,21fcdbc2-e0ab-441b-bfee-3b2b0be62505
cf479f39-24b3-48b5-a156-0024e9d05f1f,"Rapport van de Commissie van onderzoek inzake de procedure van werving, selectie en benoeming van de voorzitter van het Huis voor klokkenluiders",,,4,Vrijgegeven,ac3bba1d-41c9-4ac5-a825-05f4d9bd110a
48630721-3765-4043-940d-00254c5f085b,Versterking van de eerste lijn,,,8,Vrijgegeven,253802cf-a886-4887-993b-ca2a10914293
2077e245-332f-4b69-b8bc-0025631465a9,AEF rapport ‘samen de lat hoger leggen’,,,38,Vrijgegeven,06adfecc-aa90-4b80-8fdd-e362435245a7
927aea50-3492-489a-8647-00259efd05e6,Planning bijeenkomst met burgemeesters van gemeenten die te maken hebben gehad met wegpesten van homostellen of andere personen,,,9,Vrijgegeven,0cae5496-0e33-4763-934a-301257687593
bbaecf98-f367-4d63-afe0-0025b3267909,Overzicht ongeplande activiteiten (ter informatie),,,28,Vrijgegeven,4978bd90-4784-4019-83eb-b082af16f733
93049768-5105-4fd8-9b6e-0025cbcc33ba,Geannoteerde agenda Raad Buitenlandse Zaken 24 februari 2025,,,2,Vrijgegeven,1872a0e8-f25c-4d2b-8bbe-388eb25f327f
a8b24bee-13a0-4b83-a33b-00260240ad77,Verzamelbrief aanbesteden,,,9,Vrijgegeven,752d1275-f711-4061-add4-e86ec9b1f7d6
98032fe5-0ad4-4934-b6fd-00260828be97,Brief van commissie EZK met verzoek tot samenwerking met voorbereidingsgroep Klimaat  inzake nadere invulling rondetafelgesprek Klimaatakkoord –Sectortafel Landbouw,,,20,Vrijgegeven,019d3ec4-dba6-45f0-93c4-9fd6ce025ece
d3eb4fca-3099-480b-a2d3-002616c3aed2,Moties ingediend tijdens het debat,,,4,Vrijgegeven,e251c2e9-f0e8-48fa-935e-bc39c2ec6445
7fb4089b-ab7e-4846-a5bd-002639a56c18,Nota naar aanleiding van het verslag wetsvoorstel Wijziging van de overeenkomst betreffende het IMF (32049; R1891),,,4,Vrijgegeven,00b690a3-b4ed-4341-9677-f36c25099088
982678b1-8402-4c41-8fcf-002681c9584d,Reactie op verzoek commissie inzake standpunt m.b.t. de positie van brandweervrijwilligers tegen de achtergrond van de Wet normalisering rechtspositie ambtenaren (Wnra),,,4,Vrijgegeven,f3aea43f-c8fc-4f4f-9e36-762ad1c5c0e7
95274fef-944f-4fb0-99d7-002682c26d27,Moties ingediend tijdens het debat,,,2,Vrijgegeven,8ff3db8b-6a0d-4b47-9a04-881f6513c84d
0ca1f762-0daa-45e4-8071-00268971b896,Aanbieding uitkomsten onderzoek preventie- en handhavingsplannen DHW 2015,,,37,Vrijgegeven,a27dae4b-2dc0-4699-86a4-ac1ec43afccc
eac80bc6-ba3c-4964-9967-0026a3cd3317,WUR-onderzoeksrapport inzake de kantelbox voor kleinere slachterijen ,,,51,Vrijgegeven,c857b319-27a4-4482-b417-30afae61bf2c
99fbda9a-b8ac-436f-817c-0026e30d342f,Jaarlijkse beleidsstrategie 2010 van de Europese Commissie,,,12,Vrijgegeven,a841fe6c-e083-41e0-b23b-be0addeb7bfa
affc954c-470d-4483-b2d4-0026ef23756b,Campagnebezoeken van Turkse ministers en de gebeurtenissen die daaromtrent plaatsvonden rondom 11 maart 2017,,,7,Vrijgegeven,d4e1a628-fafe-4e4e-9b3e-46ee1f97fd89
fbed1455-e417-4c4d-b393-0026f3f29c2e,Antwoorden op vragen over de geannoteerde agenda van de informele JBZ-Raad van 28-29 januari 2021 (algemeen deel) ,,,3,Vrijgegeven,f71aa8db-ac12-4469-ac17-8cdb2ba16a54
afd54fd0-bc08-4648-b385-0026f8f9cfcb,Landelijke rapportage discriminatiecijfers over 2018,,,14,Vrijgegeven,9ecc29ec-8657-4ed8-a44e-f986bca365dc
f1e3f246-37cb-475e-9f3e-00272ea8dfe2,Reactie op verzoek commissie over de petitie van Hoofdpijnnet met ervaringsverhalen van migraine- en hoofdpijnpatiënten,,,20,Vrijgegeven,f3b55d6a-9736-422c-82b5-8114f95bcaeb
e90566dd-b866-439b-8812-0027c24b1552,Brief Kamer: ,,,4,Vrijgegeven,0a0c42b3-17e2-4630-a306-a8fe787783fd
9a6c22c3-5cf9-449b-89d0-0027d8375a0b,Houtskoolschets Beginselenwet zorginstellingen ,,,1,Vrijgegeven,6bfca387-f4fc-4fad-8a28-1dd2ee073f29
f0c90886-7d84-4dc1-bfd5-002800c3d764,Legionellanorm in kader van Drinkwaterrichtlijn,,,13,Vrijgegeven,a947f3f1-01e6-4f73-8c70-665306ad3d5c
02d172c8-db07-4606-bbdc-00280bd124d4,Vaststelling van de begrotingsstaten van het Ministerie van Justitie en Veiligheid (VI) voor het jaar 2026,,,1,Vrijgegeven,6b770213-696b-4331-ae2b-0a584627fa12
ff0692f7-dc48-4f8f-bea7-00286c58b8ce,Brievenlijst,,,2,Vrijgegeven,1061b0b4-ba7e-40bc-a47a-632c7c0d70d8
10750c72-a413-4f6b-a20b-002873f4a820,Tussenrapport onderzoek financiele positie Aruba,,,5,Vrijgegeven,f2c4d841-5ea8-43dd-a5da-ea08a8748439
42dd8b15-2872-44e7-b655-002891ef6400,Beantwoording vragen commissie over het rapport van de parlementaire enquêtecommissie Fraudebeleid en Dienstverlening “Blind voor mens en recht” (Kamerstuk 35867),,,28,Vrijgegeven,66c2f1c7-de87-4b92-a1e3-5fc542e9b17a
806fca08-0510-4178-8b61-00289e002fa6,Antwoorden op vragen commissie over toezeggingen gedaan tijdens het debat over uitkeringsfraude met de WW door arbeidsmigranten op 11 oktober 2018 ,,,21,Vrijgegeven,6c5d1298-eaf6-42bc-b61a-be8759424846
786c2463-1e9c-40aa-a834-0028e6d94b0d,Stukken t.b.v. plenair debat over de Najaarsnota 2023,,,12,Vrijgegeven,a053556a-c4b6-4ca1-9590-f82020f14106
77d472eb-34a0-4d53-b5f6-0028ea03a4a2,Reactie op verzoek commissie inzake afschrift antwoord op de brief van 27 mei 2015 van de heer mr. C. van G. inzake zijn klacht over het voorbereidingsbesluit windpark De Drentse Monden en Oostermoer,,,16,Vrijgegeven,57ecbc99-9250-46a2-a429-9aae9c0ce580
b257c06d-6db2-4a50-8352-0029bf730532,Geannoteerde agenda Landbouw- en Visserijraad 28 juni 2011,,,68,Vrijgegeven,d16fbefe-38f1-4121-9de0-f1617c7fca1a
c5eabe11-e579-4941-8908-002a136fb17d,Woondeal Metropoolregio Amsterdam,,,2,Vrijgegeven,0f27fa58-f1ad-4a26-9587-ef541b8c817c
d45dfd4a-9f53-4286-9169-002a55e6acb8,"Verslag van de bijeenkomsten plaats van de NAVO-ministers van Defensie (DMM), de Ukraine Defence Contact Group (UDCG) en de Raad Buitenlandse Zaken (RBZ) Defensie",,,30,Vrijgegeven,4f945d12-76c1-45c7-be5f-f1f3eb06e97a
0bf8f9f2-082d-4460-a4d1-002a68bf4850,Onderzoek naar het halen in 2030 van de WHO- advieswaarden voor luchtkwaliteit,,,29,Vrijgegeven,d8799c5b-1a76-4829-be91-bd25cc433837
225832e3-254c-413c-90f0-002a7342f53d,Preventie gehoorschade,,,53,Vrijgegeven,986fd891-2a04-4796-ac7b-11078e448f15
b56e12a2-dca0-4b6e-88fd-002a7f3e063e,"Verslag van een bezoek aan Zuid-Sudan en Ethiopië, twee partnerlanden op het gebied van ontwikkelingssamenwerking
",,,8,Vrijgegeven,38e5bffa-eba0-4a92-b8ad-7ecd12db45eb
544f32f1-f2a7-4652-b643-002a9d835e36,Overzicht van publicaties van de Inspectie Leefomgeving en Transport (ILT) van november 2013,,,6,Vrijgegeven,04193f04-a1c6-488e-bb27-7640c5091dde
b3d65768-578b-4529-92d0-002b167b787c,Koninklijke boodschap:,,,1,Vrijgegeven,06b6c439-39d7-49ff-aa62-4a4aa44a2767
c03811a9-e254-4108-810a-002b8b925ee2,Reactie op Motie van de leden Timmermans c.s. over het snel inrichten van een publiek energiefonds en het ondersteunen van huishoudens die hun energierekening niet kunnen betalen (Kamerstuk 36800-20),,,29,Vrijgegeven,7bb48f4d-c30e-4434-b043-bda1acb9fe6b
6f081cbc-78a8-4970-8d83-002b916beb3c,Moties ingediend tijdens het debat,,,1,Vrijgegeven,ac5db92e-8313-4074-82de-99942ddca6f4
ea4def74-97c2-4f3f-a7aa-002b9ec6b88a,Publicatie “Criminaliteit en rechtshandhaving 2020: Ontwikkelingen en samenhangen” ,,,10,Vrijgegeven,a11a67a1-5e7e-4f20-89a9-5f87741906fd
020b2963-6aa3-4c01-bdd8-002bb7d66610,Afschrikwekkende beelden bij uitgaansgelegenheden,,,31,Vrijgegeven,443a322f-0b22-462f-bbf0-946e3b2238c9
06939ac8-e56a-4dde-9ce6-002bd3844e2a,Uitdrukkelijke goedkeuring van de Staten-Generaal,,,6,Vrijgegeven,bbef4543-eeed-4044-98b5-3bfba45ad323
df7f2943-cc86-486e-a653-002c1f43feda,Wijziging van de begrotingsstaten van het Ministerie van Justitie en Veiligheid (VI) voor het jaar 2025 (wijziging samenhangende met de Najaarsnota),,,1,Vrijgegeven,5f057727-4ffb-46e0-a3a7-e85907b04e02
04a5b622-ce7a-403b-9f69-002c45e09d05,Opgevoerde motie,,,3,Vrijgegeven,50a459ae-e098-43ff-8346-05f382fae5cb
d239feb4-59f6-4483-988a-002c532d529c,"Aanbieding speciaal verslag ""NGEU-schuldbeheer bij de Commissie - Een bemoedigende start, maar verdere afstemming op beste praktijken nodig"" van ERK",,,24,Vrijgegeven,7ca933d9-68b2-483b-91b5-50ac1ce4ced5
97c66932-4850-4a0f-844a-002cf30af2a7,Inzet van burgerinformanten en criminele burgerinfiltranten,,,1,Vrijgegeven,a7471887-b910-4fab-9bdc-6fb9cf561b69
5d9f7c38-8355-44e9-b092-002d02feed00,Mediabegroting 2015,,,2,Vrijgegeven,35e28e3a-7e16-4436-8ffd-e68c04692a7a
2fbefd7c-e2e4-434f-95c6-002d0e4f2d57,Afschrift van de brief aan Amnesty International over vreemdelingenbewaring,,,35,Vrijgegeven,44957824-df0d-467b-b43f-fb92290a2fa4
a4d0fa32-50cb-4662-aa40-002d130cf277,Overzicht wetsvoorstellen aangemeld voor plenaire behandeling,,,4,Vrijgegeven,d40408f6-a921-460a-bfcf-55941ade716b
2d997c3d-339c-4f00-ae9f-002d25428ee1,Planning gesprekken over jaarverslagen IGK en IMG,,,25,Vrijgegeven,81fd1b5e-500b-4b2f-89b3-d9bcf557d6b5
c24b4dae-ae55-43e4-ad43-002d2bacf502,Toetsing van het toezicht van De Nederlandsche bank (DNB) door de Algemene Rekenkamer,,,7,Vrijgegeven,53a3d645-d3a6-40b5-b066-8c09a2fc0d61
e6512586-cf34-4fc5-a733-002d6d06722d,Reactie op het proefschrift 'Fraude ontrafeld. Een studie naar de werkwijzen en drijfveren van fraudeurs’,,,3,Vrijgegeven,311d3f05-7875-449a-a4bb-4368ad80d724
dc799008-8142-47b2-acdd-002ddbaba1f9,Mestproductieplafonds en de derogatiebeschikking,,,47,Vrijgegeven,16503ee8-d3b8-4dad-9949-25bd721dfb00
7ed366eb-0ab7-42fc-99b8-002de6e2829a,Toelichting op artikel 6.22 van de Waterwet,,,1,Vrijgegeven,784e522f-34aa-4de6-8e6a-bed48f678a3e
61accf48-f36f-416b-b678-002ded6187a8,Jaarverslag Provinciefonds 2020,,,1,Vrijgegeven,db980499-d80d-47d2-b3e8-1c660c11508f
8cf0295c-a73c-4d57-85e6-002df0b53ce8,De volgende brieven:,,,4,Vrijgegeven,cc8f25bb-253f-42dc-a1f2-81244366d29c
4506e1ef-174d-4bbf-9db0-002e30d5a669,Resultaten van het onderzoek naar de minimale stahoogte van runderen tijdens transport ,,,5,Vrijgegeven,1faf1655-4e56-4e6b-bdf1-4096abf1d3c5
44591f95-3bec-476b-95f6-002e4f68ae5b,De besluitenlijst van de pv van 23 juni jl. ,,,3,Vrijgegeven,8475f418-643e-40b4-97e3-a46ab2f9c060
af4eedd8-aec1-45b3-b6d4-002f59467db6,Aanbieding plan van aanpak maatschappelijk verantwoord inkopen 2015-2020,,,3,Vrijgegeven,840cf554-d68f-4a67-8f3c-9b0d01562376
ccae8cd3-0a51-4704-9880-002f66aa679e,(dertig) leden debatten,,,36,Vrijgegeven,d5d362cb-b8b3-41bd-ba5d-c383d097ab94
3a56d807-5589-46f6-9fcd-002fab2b10ce,Inspectieresultaten dierenwelzijn bij primaire bedrijven,,,7,Vrijgegeven,35e683d6-3da7-472b-b3d2-949f6768112b
c4f20e45-eecf-4d52-9a61-002fac5836e6,"EU-stafnotitie ""Subsidiariteitstoets op het voorstel voor een kaderbesluit inzake bestrijding seksueel misbruik en uitbuiting van kinderen en kinderpornografie""",,,27,Vrijgegeven,fc001de8-fd08-4572-a1a1-a42cc349f54c
2fe374d0-6212-4471-a8da-002fe083b808,Voortgang Herstel Groningen,,,18,Vrijgegeven,67e99196-caad-4b4f-83c1-f177766bddc9
71072799-ac9d-44d7-b352-00300800c9e4,"Antwoorden op vragen commissie over de nadere reactie op het AO Europese fiscale zaken van 7 juni 2018 over btw en pensioenen, en belastingheffing in de digitale economie (Kamerstuk 21501-07-1528) ",,,31,Vrijgegeven,9758c86e-8af0-4733-a003-bb9539b91b98
f290a4f4-67c6-4cdd-8896-003063bd9df7,Verslag van de Europese Politieke Gemeenschap en de Informele Europese Raad van 5 en 6 oktober 2023,,,7,Vrijgegeven,862460d1-6c06-47ca-89c5-fd3862acaec9
57455f2b-5ea7-494b-9881-003096ec1087,Aanpassing van de beschikbaarheidbijdrage voor Traumazorg,,,11,Vrijgegeven,63e4e18c-71ea-489b-bab1-2dcb84076321
1ed48294-fd14-4f85-bca7-0030a3653139,Moties ingediend bij het VSO Ontwerpbesluit grootschalige uitrol slimme meters,,,10,Vrijgegeven,61de1e1c-6136-4f7a-a4f6-03e91979dc86
9ad060cd-4bc7-4027-b1c1-0030b496e494,EU: SPOED [e-mailprocedure] verzoek omzetten CD RAZ 13-9 in een Schriftelijk overleg,,,1,Vrijgegeven,7be9ca5e-4ee2-4a91-8bcf-f64765024b58
1031f04c-7bd4-4d10-9be1-0030c8d06436,Schema procedurevergaderingen tot aan het kerstreces 2022,,,29,Vrijgegeven,f4e42377-601a-412b-8e7f-351bfefab7c0
40fdb5c9-dc09-4a50-8160-00313d75a511,Mediabegroting 2026,,,1,Vrijgegeven,4b4b7476-5164-4cf9-bd86-6a51e1703be3
6ce89b3e-b023-4eff-981d-003146c785a3,Moties ingediend tijdens het debat,,,3,Vrijgegeven,d7db1854-e2a8-4315-bb5b-75a1de93ac2c
1abdf4f0-1103-4ec3-8bc8-003186203fac,Rapport/brief Algemene Rekenkamer: ,,,5,Vrijgegeven,6b891dec-46d0-4f70-b61a-7641ddc6ab57
7d3855dd-2ca2-40ca-8548-0031ab1b50d3,Behoefteraming Deep Brain Stimulation,,,11,Vrijgegeven,7d3b0322-ae8c-4e4b-8652-4cd4b2249c21
d2afc95d-79b1-461a-9515-0031d56060e4,Adviesrapport 'Toezicht op Algemeen Nut',,,27,Vrijgegeven,73e49615-00cd-4a1d-bf40-e7ad480a6111
60a664eb-1d49-4d05-9229-00327a1bc8d5,Appreciatie van het nader gewijzigd amendement van het lid Leijten over sanctiemogelijkheden voor het Huis voor klokkenluiders (Kamerstuk 35851-49),,,34,Vrijgegeven,a93deffb-d559-4a99-bf97-af4ecbf8554b
8e693f41-065d-4c22-9710-0032ef3977d3,Initiatiefnota: ,,,6,Vrijgegeven,4919bef4-2af2-4adf-b862-7bed0e9a199c
ba12e5d5-2816-4bdc-a401-0032f53dcdf4,"Verslag van het bezoek van de minister van BuZa aan Jordanië, Israël en de Palestijnse Gebieden dat plaatsvond van 5-9 februari 2011
",,,9,Vrijgegeven,45d0168d-cf4c-467c-a2ec-3cc1a82d3821
c4336dff-f7ab-4421-a4a0-0033a87ebe4a,"Brief van de vaste commissie voor Binnenlandse Zaken over een voordracht ter vervulling van een vacature voor een (technisch) lid in de Toetsingscommissie Inzet Bevoegdheden (TIB) (36214, nr. 3)",,,14,Vrijgegeven,5c3a5a2e-bfcf-4f2b-ae69-821767ece40f
e9268175-7e5d-4bbb-a161-0033c34d8b51,Verzoek Instituut Clingendael om gesprek met vaste commissie voor Europese Zaken i.h.k.v. leergang buitenlandse betrekkingen d.d. 12 oktober 2017 ,,,2,Vrijgegeven,e86af142-3a09-4d0a-bfda-38b778609ee0
5c6b33ac-33db-4911-a8c3-003410a1b32d,Reactie op de berichtgeving in de media dat er een Syrische ISIS-strijder herkend zou zijn tijdens een bijeenkomst in De Balie in Amsterdam op 14 september 2017 ,,,1,Vrijgegeven,ea9d355d-372f-4ebd-bdb5-dc42797982a8
d4c7260e-4d8c-41b5-a614-00341686202e,Actieprogramma Verankering milieubescherming na Nevele,,,43,Vrijgegeven,6ca51427-42b3-4059-b1cf-dc450dcafd40
b8f209da-a786-44e8-9065-00344db5cc70,Gesprek met een kandidaat voor een vacature voor raadsheer in de Hoge Raad ,,,1,Vrijgegeven,e6508535-8421-41a4-87a3-69f09952306e
e4030eda-2eb2-4f56-96ae-0034a3ae0cfb,Reactie op de brief van de Veterinaire Apotheek Noord BV over hoge tarieven van dierenartsen en op de brief van de Sophia Vereniging over de sterk gestegen dierenartskosten,,,8,Vrijgegeven,60c35adc-1893-4ffe-9b78-ae9a14f2365e
19feae6c-0c73-4561-9b57-0034b15a1f16,Fiche: [MFK] Herziening Gemeenschappelijke Marktordening verordening,,,29,Vrijgegeven,6de13c09-74ed-4ce1-97a7-a52a34e21d9f
857bceb7-072b-4251-87cd-00350c213195,Wet zorg en dwang,,,1,Vrijgegeven,0f7b84bd-523b-4271-8f63-d973daf4bc3e
7260ce4c-7442-4240-aaad-00352a8e6a19,"Het lid Van Leeuwen, namens het lid Roemer: uitstel VAO Contractvervoer taxi (AO d.d. 19/11 en d.d. 29/01) tot volgende week",,,10,Vrijgegeven,cee1fb6b-60bf-4b2e-9fd2-09a301d0210c
8b350688-d2ed-495d-b253-00358ff1b6f8,Fiche: Verordening EU-certificeringsysteem apparatuur beveiligingsonderzoeken luchtvaart,,,34,Vrijgegeven,a400ab6d-542f-493d-86c0-fec92a0d1a71
e7a658ad-4b8a-4d3f-9f37-0035cfc075cb,Overzicht plenaire debatten op het terrein van VWS (stand van zaken 9 december 2022),,,49,Vrijgegeven,7486bcec-e34d-4595-849a-afee35f34ae7
8b17c2c8-4aef-4ea3-b1a5-0035d2577b92,Reactie op verzoek commissie over toezending Incidentonderzoek steekincident FPC De Kijvelanden  ,,,12,Vrijgegeven,187a474d-f0a7-49f5-be40-31da2a179948
35d4d039-47f4-46a0-8885-00369c25de81,Wijziging begroting Ministerie I&W samenhangende met de Voorjaarsnota,,,7,Vrijgegeven,1f752198-255d-473a-bb14-5189ca880038
f562334d-48a5-4bf7-a22a-00369da82048,"12.30 - 13.15 uur: dhr. Hein Haak - Tcbb (Technische commissie bodembeweging)
",,,2,Vrijgegeven,38b61295-460d-4bed-bdca-292a28deebe7
3924537e-6c9a-42aa-9742-0036c4eb5ff8,Opvolging aanbevelingen OVV-rapport Near mid-air collision between F-16 and Tecnam,,,33,Vrijgegeven,cee73e53-3bb7-4fe8-80e8-1ad25dbbbc36
791393d0-5bf7-4fdb-88e8-0036cdd74d46,"Antwoorden op vragen commissie over o.a. de Geannoteerde agenda van de formele JBZ-Raad, 8-9 december 2025 (Kamerstuk 32317-978)",,,42,Vrijgegeven,b3251217-2ac7-47bd-ad0a-b6dd262f2129
7370da0c-1729-46cb-a576-0036e3bf27ba,Zestiende voortgangsrapportage project Verwerving F-35,,,14,Vrijgegeven,f0a3b979-8619-4903-8054-df2272a654f1
4afb38b3-9ee7-4406-a5e7-003704443403,Achtste update drukte Schiphol,,,17,Vrijgegeven,e52fdff9-8e45-4b14-adbc-0d217d742253
0b596bb9-ef31-446d-b221-00370ba377a9,"Aanbieding afschrift van gelijkluidende brieven die de staatssecretaris van Financiën heeft gezonden aan de bestuurders van Bonaire, Saba en Sint Eustatius",,,10,Vrijgegeven,a23b1634-f249-4282-9401-aae31338e1f6
de378c8f-2513-4a96-844f-00372d1cc718,moties ingediend bij het tweeminutendebat Zoönosen en dierziekten,,,14,Vrijgegeven,78708110-1ddd-48dd-a708-d60537f376f2
e359c544-9b82-443d-b974-00375045d469,Informatie over het besluit van de Europese Commissie om een inbreukprocedure tegen Nederland te starten,,,2,Vrijgegeven,1dc64398-afb6-4687-80e9-dbf9ee4d9699
