Id,Agendapunt_Id,StemmingsSoort,BesluitSoort,BesluitTekst,GewijzigdOp
ed3c6106-e8d8-4bea-9de6-0000eb3a6164,696c8066-224f-43ad-a275-367ae54f8aa0,Met handopsteken,Stemmen - aangenomen,Aangenomen.,2015-12-03T19:32:50.84+01:00
d89665d9-ba53-4e71-8d02-0001c83a654c,4b336029-8355-4862-a1a0-dc1f77b12a6c,Met handopsteken,Stemmen - verworpen,Verworpen,2019-10-21T10:17:37.073+02:00
f9c608b8-ed34-4eca-b912-0003203d0668,e26fba08-61da-4daa-bafa-446464b120d7,Met handopsteken,Stemmen - aangenomen,Aangenomen.,2019-10-21T10:17:21.71+02:00
2c02b728-d451-466f-b481-0003e98849f9,ff4781f8-0869-4556-a8a6-552401db5b9c,Met handopsteken,Stemmen - verworpen,Verworpen.,2022-07-07T23:10:48.377+02:00
15fd535a-cc04-4d52-87ae-00064e637e5d,5aab25e0-288e-4f10-a2da-f4d77f47b27f,Met handopsteken,Stemmen - verworpen,Verworpen,2019-10-21T10:17:26.397+02:00
0f33762d-12f9-42d2-94a7-0007309d9862,a866aea1-e2d8-4dd5-8b2b-bf19b768c992,Met handopsteken,Stemmen - verworpen,Verworpen.,2024-01-23T15:45:55.807+01:00
9ed3db18-9a0d-4c9f-8fa9-0008b076a4ff,ab0f3ee2-f267-4933-ba5c-40b1c7edfd38,Met handopsteken,Stemmen - aangenomen,Aangenomen.,2024-03-12T16:09:11.527+01:00
1cefa679-fe5a-45c2-a6d0-0009ee77dabf,2552289d-9148-4604-8a2a-5ea2838bbe29,Met handopsteken,Stemmen - aangenomen,Aangenomen.,2019-10-21T10:17:17.11+02:00
25b52799-aade-46a0-a7d1-000a046614ee,2cd1daf5-fe7d-4947-9edc-f6e4fd7115f4,Met handopsteken,Stemmen - verworpen,Verworpen.,2021-04-30T02:28:07.49+02:00
541fdfe5-fb65-482d-9cb2-000a80b0ee06,c3c39b11-6463-43b7-adf0-4ca8d506440e,Met handopsteken,Stemmen - aangenomen,Aangenomen.,2019-10-21T10:17:41.473+02:00
4ac5def8-d90f-4f42-b5fc-000bb556e8fd,5a38eaab-b7a2-4a18-ba78-38a03c429bf1,Met handopsteken,Stemmen - verworpen,Verworpen.,2023-12-21T21:21:36.643+01:00
00ecbc9c-a5c3-4ec7-b8a8-000d82ed7f9e,04f6e565-ba67-47f9-802d-9e8e53208872,Met handopsteken,Stemmen - aangenomen,Aangenomen.,2025-07-01T16:46:08.153+02:00
2eacd913-0a8e-4bbc-8906-000d8aa9d687,4266a640-d2a2-439f-9ab4-8f1d738f5823,Met handopsteken,Stemmen - verworpen,Verworpen.,2020-12-08T16:48:23.27+01:00
df8e115a-c15e-4f95-b173-000ed59f0a5d,878ac445-c954-4396-b331-197466e4460c,Met handopsteken,Stemmen - aangenomen,Aangenomen.,2023-04-04T16:09:35.487+02:00
22599a55-7b25-4c73-8a54-000ff0714ecc,e7febc43-69c7-45e3-926c-94abe40deb04,Met handopsteken,Stemmen - aangenomen,Aangenomen.,2019-10-21T10:17:23.06+02:00
8a59704b-f764-4352-be7c-0010c92ddd02,1924b33e-509b-43a9-af41-0aa1485d0deb,Met handopsteken,Stemmen - aangenomen,Aangenomen,2019-10-21T10:17:16.453+02:00
4ca39d22-5c01-45cf-9e55-00118a58b9f1,c1136c92-fa9a-417d-a659-57821e8c8260,Met handopsteken,Stemmen - verworpen,Verworpen,2019-10-21T10:17:18.36+02:00
4ba84ead-28c3-4f8a-8f95-001221763cd9,1c257434-ac9c-493c-8282-caf089ffffbc,Met handopsteken,Stemmen - verworpen,Verworpen.,2025-09-30T16:22:34.19+02:00
4d7509d7-3a80-4e47-8f6d-0014c6f0a00a,76cc1a58-0339-47d0-919e-1dc5b1350ee6,Met handopsteken,Stemmen - verworpen,Verworpen.,2022-10-12T13:30:58.787+02:00
dd2dde8a-24d0-4dba-8f58-00171185b322,081794b1-0cdd-4cd5-a7fe-b2ea56aa637e,Met handopsteken,Stemmen - aangenomen,Aangenomen.,2023-07-06T15:56:09.55+02:00
ffbd930e-8497-49ce-b83e-00172d829be6,ec6f311a-d55a-446c-9e98-368d19680ecd,Met handopsteken,Stemmen - aangenomen,Aangenomen.,2021-11-11T15:52:17.93+01:00
65db9db8-3d3a-4960-b0e3-0017337af5b9,fc481746-b544-4477-bf95-e39c708470fd,Met handopsteken,Stemmen - verworpen,Verworpen.,2024-06-27T16:34:16.433+02:00
ac49518e-e0ec-4034-aa7c-0017cf452eb5,de745a7d-8cc0-43dd-9c5f-f6c68d21680b,Met handopsteken,Stemmen - verworpen,Verworpen.,2019-10-21T10:17:13.42+02:00
be11b2e3-11a4-4467-b05a-0018bbd3be4f,fd967bc1-3ade-4d5c-ae00-0b81ee58f019,Met handopsteken,Stemmen - aangenomen,Aangenomen,2019-10-21T10:17:22.42+02:00
9d4f87bd-074a-489e-8c61-0018be5d05c8,935437f5-2313-4e27-be8a-9ff479f280c4,Met handopsteken,Stemmen - verworpen,Verworpen.,2022-07-07T15:29:46.017+02:00
10ed532e-d845-4030-a08c-0018cbf33d9a,41895426-7fae-45bc-b145-63b4dc96ad92,Met handopsteken,Stemmen - aangenomen,Aangenomen.,2021-11-17T16:49:21.047+01:00
05a9952c-4700-488b-a6ae-0019a6385aa0,3d96ec97-72cf-43a6-b9e6-871b895f058f,Met handopsteken,Stemmen - verworpen,Verworpen.,2025-02-04T15:53:00.867+01:00
24a30a9d-9585-451d-925f-001a6b38f0cb,02af366a-efe5-4da3-aeb9-c920d48d6805,Met handopsteken,Stemmen - aangenomen,Aangenomen.,2019-10-21T10:17:17.393+02:00
b7e1c916-6b92-454f-b702-001ab5573a0d,6554539d-782f-4c89-9e50-e742ccac7267,Met handopsteken,Stemmen - aangenomen,Aangenomen.,2020-01-21T16:03:32.627+01:00
631072f5-614c-44b8-91bd-001ad7cc657c,aef3c300-20af-4b72-ae5b-fd6b09b2bcf4,Met handopsteken,Stemmen - verworpen,Verworpen.,2019-10-21T10:17:29.357+02:00
17b92d28-66a2-4653-b22d-001b45d10013,d4587438-6941-4ef2-b32e-e730a6cc792e,Met handopsteken,Stemmen - verworpen,Verworpen.,2021-06-23T10:07:49.087+02:00
f95cfc6e-0ccd-437c-b4f3-001c6388b614,62129712-4fc6-41fc-8df8-3348a15feecf,Met handopsteken,Stemmen - aangenomen,Aangenomen.,2021-06-23T10:28:21.313+02:00
efa12133-c46a-4bb8-a4f5-001c960bc76c,7e8fe7b9-103d-46f8-9ce5-2c0023472fdc,Met handopsteken,Stemmen - verworpen,Verworpen.,2021-12-02T16:37:48.283+01:00
a1c5a736-2311-49b9-9a6b-001d1eaf0e39,9970be65-20d7-46df-be5f-e5656052f76d,Met handopsteken,Stemmen - verworpen,Verworpen.,2022-12-13T16:05:36.673+01:00
d6d569d6-3af3-4b2b-9134-001e7773258b,e35b1db6-c520-47a7-8554-aadc05604fa3,Met handopsteken,Stemmen - aangenomen,Aangenomen.,2025-02-11T15:51:38.067+01:00
ae7737c9-4ecf-4d3d-8c18-001e87ee9ad0,d1c7e352-cf7d-4c99-8506-683a3d974682,Met handopsteken,Stemmen - aangenomen,Aangenomen.,2017-04-11T15:18:01.993+02:00
e39a895f-dcc5-4b1e-b91b-001fdb44531d,4d274040-f11a-432c-9d39-b2138e6dfbd9,Met handopsteken,Stemmen - verworpen,Verworpen.,2019-10-21T10:17:14.81+02:00
34026b4c-f82e-455a-9d0c-00211e37cac5,c9324180-5d9d-4e2d-b8e4-06c9087ad9c3,Met handopsteken,Stemmen - aangenomen,Aangenomen.,2022-01-19T21:33:13.517+01:00
03013f7e-8924-42fa-8d2a-00227ccb33a1,bb79c615-c37c-4ed5-bbc9-299a7552c123,Met handopsteken,Stemmen - verworpen,Verworpen.,2019-10-21T10:17:21.647+02:00
329e97a8-9dd3-4a71-a12c-00238ead1e83,81bbe0e5-5cbf-410a-a7db-640bd986e95c,Met handopsteken,Stemmen - aangenomen,Aangenomen,2019-10-21T10:17:17.19+02:00
128da22c-5fa1-4fb7-93d1-0024c01a4b21,0acd0c2d-1c69-4c40-a616-58b3a0778c58,Met handopsteken,Stemmen - aangenomen,Aangenomen.,2019-10-21T10:17:27.523+02:00
e6eb1609-c8c0-4366-b97d-0024c63f90eb,cd4531bd-e8c1-47ef-bf62-53e0aac8a927,Met handopsteken,Stemmen - verworpen,Verworpen.,2019-10-21T10:17:11.773+02:00
75bce847-943d-4347-b24c-00272b3e1af7,e22888bb-0bc0-4f49-aca7-60d600370ef5,Met handopsteken,Stemmen - verworpen,Verworpen.,2019-10-21T10:17:27.1+02:00
a494232b-9246-480f-8679-0027c6d24327,d2e1c990-091d-4ca3-af2e-593cfd08ec98,Met handopsteken,Stemmen - verworpen,Verworpen.,2022-12-20T16:39:22.44+01:00
b0f17be8-bb54-4ce1-a851-00282b2411ed,3eb80914-d3b0-4b60-a81f-f88431845e2e,Met handopsteken,Stemmen - aangenomen,Aangenomen.,2020-06-23T16:30:46.077+02:00
5d400c59-ca40-4fa6-8fbb-00291c1b2969,e9fae624-2d1e-41b7-ab13-7837d970d480,Met handopsteken,Stemmen - verworpen,Verworpen.,2019-10-29T15:49:47.85+01:00
d553a443-eac9-459b-bbef-002b9b2493bc,7edae554-76ea-4748-b9ad-dbaca1402fe3,Met handopsteken,Stemmen - aangenomen,Aangenomen,2019-10-21T10:17:41.41+02:00
a8cfb3cc-0279-41bf-b5af-002e89de8cf8,26b53a55-320a-4663-903c-75004b39eacc,Met handopsteken,Stemmen - verworpen,Verworpen.,2019-10-21T10:17:35.82+02:00
6f96aeb9-9689-4ef6-836f-002fd8930b42,f2e7259d-4258-4aed-97e8-99c41349f404,Met handopsteken,Stemmen - aangenomen,Aangenomen,2012-07-06T02:04:00.703+02:00
d79b79ec-5626-4535-ac93-00300f9363cb,142ea3b7-2cc9-4653-8b03-6b4e5b231157,Met handopsteken,Stemmen - verworpen,Verworpen.,2022-06-21T16:25:05.777+02:00
a5fc9291-b68d-4c4b-9bc6-0030441ee875,cf60ceb0-82d5-41f6-8dbb-48527f72e179,Met handopsteken,Stemmen - aangenomen,Aangenomen.,2022-03-08T15:40:51.66+01:00
d7d055ee-4b2c-45ca-be45-003081dd057d,bc861530-ffe5-4ac7-bdb8-ad96a5ae3a27,Met handopsteken,Stemmen - verworpen,Verworpen.,2023-07-07T01:44:51.96+02:00
473fff0c-6e90-4989-96d0-0030e8e2c607,5b17a264-42c8-4392-a390-6d9eac873a5d,Met handopsteken,Stemmen - aangenomen,Aangenomen.,2016-12-22T15:49:02.95+01:00
a5280aea-ea8e-4e00-93a6-003304e16551,6f9de153-2ee0-4829-a191-67e5440fbcfc,Met handopsteken,Stemmen - verworpen,Verworpen.,2019-10-21T10:17:40.12+02:00
aaea2ad7-02da-4cdc-8030-00335710d5d1,604189ba-0b51-49b8-b8c6-71c274c7f6b8,Met handopsteken,Stemmen - verworpen,Verworpen.,2019-10-21T10:17:28.76+02:00
fc25776b-aac8-437e-8452-003358f6a0b6,5bcc86dc-8f98-41fb-8a16-84f35ed706a9,Met handopsteken,Stemmen - aangenomen,Aangenomen,2019-10-21T10:17:25.16+02:00
ad4e5dab-c679-4ac0-b23e-003441ad5f3d,b8a56937-2d83-40ca-befa-dd608cf1d441,Met handopsteken,Stemmen - aangenomen,Aangenomen.,2023-10-17T16:34:47.56+02:00
c6dc49a0-d65b-499d-9396-0034b2ccae8c,44368927-6569-4816-b90f-c953e10328c3,Met handopsteken,Stemmen - verworpen,Verworpen.,2019-10-21T10:17:26.883+02:00
a9c83a56-0644-4cd7-85c8-0035779e64cb,5c580d35-af6a-4349-b5d6-3c672094d63b,Met handopsteken,Stemmen - aangenomen,Aangenomen.,2023-07-04T16:18:44.127+02:00
418d3342-c2bf-4a49-a5ba-0035b932295f,b01b76fe-e9b1-4df9-89a9-22a6f4e8d9aa,Met handopsteken,Stemmen - verworpen,Verworpen,2019-10-21T10:17:41.317+02:00
d42504d2-379a-4cac-8439-0036856b23e0,e024b7d3-0d30-4973-9fdb-f03981b45dd5,Met handopsteken,Stemmen - verworpen,Verworpen,2019-10-21T10:17:36.717+02:00
42cc0c0f-50a1-4fe7-972e-0037f6d0c01a,285c3223-0f39-4cb4-8f0f-e785948527cf,Met handopsteken,Stemmen - aangenomen,Aangenomen.,2021-07-09T00:57:18.477+02:00
7a0e0d42-4cb0-4f75-94d5-003a040e9f6e,b8f95a9c-ea22-4b3d-9bca-ec5bf068a613,Met handopsteken,Stemmen - verworpen,Verworpen.,2019-10-21T10:17:35.697+02:00
1dceb64d-c690-418f-b19f-003a90aba0b8,d98319ab-f936-4525-b8c6-7514ce779b6a,Met handopsteken,Stemmen - verworpen,Verworpen.,2019-10-21T10:17:37.61+02:00
7a4251b3-4b4a-43f9-8455-003b04317ea4,cc1abc97-7ae4-4179-ae6e-acfda0b6d89d,Met handopsteken,Stemmen - verworpen,Verworpen.,2024-05-21T15:46:26.333+02:00
807c8ab7-fac6-4612-b8d4-003cb30257e5,55d23134-69f8-4c31-9968-8829243335d7,Met handopsteken,Stemmen - aangenomen,Aangenomen.,2022-05-10T16:34:15.363+02:00
861a3fea-3e2c-47f3-a3cb-003d2dfb7aa0,88faa647-8f68-41ee-b8a3-671747adefb2,Met handopsteken,Stemmen - verworpen,Verworpen.,2019-10-21T10:17:10.37+02:00
ecf1d4d8-0b88-4c7a-9ca0-003f0095e1a4,62d793cd-374a-4f40-bb5d-0d7d0620256e,Hoofdelijk,Stemmen - aangenomen,Aangenomen (72/71),2024-10-09T10:39:10.497+02:00
f82c6b6d-c640-4d1f-b6c0-003fae3fd137,57698b61-6293-407c-b044-6850c7f3a93d,Met handopsteken,Stemmen - aangenomen,Aangenomen.,2021-02-25T18:59:38.233+01:00
2d1ed894-4e92-46ac-99cb-0041b162e9bb,264b62f8-038c-4779-925e-5838dc6516c2,Met handopsteken,Stemmen - verworpen,Verworpen.,2020-12-17T19:05:55.5+01:00
7bcaa0d2-e2fd-4102-bd02-00476f6d5192,785cbc62-0815-4813-a09c-0ebf1a3aa1e3,Met handopsteken,Stemmen - verworpen,Verworpen,2019-10-21T10:17:31.453+02:00
2a2b4a0c-6ce6-4ada-807a-0047722fd23f,2dc25f64-da36-4df5-99c8-b99351e9df55,Met handopsteken,Stemmen - verworpen,Verworpen.,2021-09-24T01:55:39.993+02:00
5356a07c-e9b5-407f-b819-0048a10c1b45,580634a8-5df7-4c4a-baae-759acd705807,Met handopsteken,Stemmen - verworpen,Verworpen.,2019-10-21T10:17:28.46+02:00
a99566ec-570d-48ba-a0e2-0048df812874,10f40047-8afd-4545-a667-0eaf2a62df98,Met handopsteken,Stemmen - aangenomen,Aangenomen.,2021-02-25T20:07:04.577+01:00
8ebb2c3b-a3eb-414e-8ae0-0049fdd93995,fc9611cd-f858-42b7-b55a-614a7220cb37,Met handopsteken,Stemmen - aangenomen,Aangenomen,2019-10-21T10:17:18.89+02:00
a287c118-c25d-4e62-a15d-004c39208fba,e51f30fb-b67c-4cb5-8359-cbdf5140a304,Met handopsteken,Stemmen - verworpen,Verworpen.,2019-10-21T10:17:36.747+02:00
a91543bf-86ad-41cc-a696-00500b87343d,bb57b0c3-2f01-4768-afc9-658bafae307b,Met handopsteken,Stemmen - aangenomen,Aangenomen.,2019-10-21T10:17:30.997+02:00
a13d8777-ac2f-4337-99b4-0050b16289d9,d23bfdf0-df06-46b2-b077-b7255175a3b6,Met handopsteken,Stemmen - aangenomen,Aangenomen.,2019-10-21T10:17:26.397+02:00
56bfdf7f-44ef-4323-a62a-00514436a570,e024b7d3-0d30-4973-9fdb-f03981b45dd5,Met handopsteken,Stemmen - verworpen,Verworpen,2019-10-21T10:17:14.683+02:00
9c537972-8efa-4d02-8f60-005184522f7f,86fc02c7-db6f-4c19-b084-518475a17893,Met handopsteken,Stemmen - verworpen,Verworpen,2019-10-21T10:17:20.47+02:00
24a08a86-0725-4b58-b889-005334b5c306,9bf6514f-565d-4d3b-af55-d468bf35ff44,Met handopsteken,Stemmen - aangenomen,Aangenomen.,2025-01-28T16:16:07.53+01:00
2a34e623-4d6e-4fe0-b839-00543ed778b7,91764b7b-d856-43ce-8639-f06332c609d4,Met handopsteken,Stemmen - aangenomen,Aangenomen,2019-10-21T10:17:19.203+02:00
5578a650-14e0-4a1d-907b-005457e3d9df,10473720-0c47-4708-ab56-d73c65201272,Met handopsteken,Stemmen - aangenomen,Aangenomen.,2024-02-15T15:34:06.04+01:00
50f0f159-355a-41e7-bd04-005490be2217,9aac2693-8a82-4fbb-8713-2b752deae6e5,Met handopsteken,Stemmen - verworpen,Verworpen.,2019-10-21T10:17:18.517+02:00
67fabb78-9fcc-46cd-9f17-0054954b671e,b981c506-a965-47b3-826c-744142a35da7,Met handopsteken,Stemmen - aangenomen,Aangenomen.,2025-12-16T16:19:59.787+01:00
9df32045-54d9-419f-b930-00552fb32c99,5ab4d9c4-9274-4fff-a7a1-2597e9751be1,Met handopsteken,Stemmen - aangenomen,Aangenomen,2019-10-21T10:17:36.603+02:00
26a082db-5fb9-4c7e-bbcf-0055cf4df93d,024e432b-04f8-448b-b6c5-55cf96ee8ea2,Met handopsteken,Stemmen - aangenomen,Aangenomen.,2020-11-12T18:04:10.317+01:00
8cc1b703-64f5-4dc9-a496-0056153c3d99,6eae3b86-ac91-465c-a054-1fbad0067a3e,Met handopsteken,Stemmen - aangenomen,Aangenomen.,2013-10-10T15:57:48.933+02:00
4fc20690-d935-401c-b1d0-0056561bb045,d4bcc0a9-168b-490d-8e89-e6d13de0fcd2,Met handopsteken,Stemmen - verworpen,Verworpen.,2021-01-05T22:37:57.98+01:00
780b9d92-5a8b-4424-ba0f-0057d01a532d,f8b63cab-809e-49e4-a60d-54dbbc2b2a03,Met handopsteken,Stemmen - verworpen,Verworpen,2019-10-21T10:17:15.047+02:00
cdc71040-c7f9-48c8-a1d0-0058df75210e,b4f4af12-effd-446c-a07b-067a9e16f0bc,Met handopsteken,Stemmen - aangenomen,Aangenomen.,2019-10-21T10:17:27.477+02:00
7f2f61b1-7083-464d-9020-005a98d2a6cb,995ea7c5-b6a4-47d6-8b19-a21626d034b7,Met handopsteken,Stemmen - aangenomen,Aangenomen,2012-06-20T19:10:31.463+02:00
ffa3c01a-c80a-4b19-9e30-005b4cdec136,d3a35738-1e73-45d3-bcf8-e2621d32435a,Met handopsteken,Stemmen - verworpen,Verworpen.,2019-10-21T10:17:40.01+02:00
ffb34bf1-05c8-49a1-8f33-005cace22857,79a690b7-7d18-4769-ad29-d131b362c678,Met handopsteken,Stemmen - verworpen,Verworpen.,2019-10-21T10:17:08.837+02:00
bc6882f5-9aa7-4e1e-b37b-005cc0e5e616,c6016401-5191-46d0-9394-6d376111de91,Met handopsteken,Stemmen - aangenomen,Aangenomen.,2019-10-21T10:17:37.88+02:00
68094e36-ba2b-4219-92c4-0060ef5bcb98,935437f5-2313-4e27-be8a-9ff479f280c4,Met handopsteken,Stemmen - aangenomen,Aangenomen.,2022-07-07T15:30:41.433+02:00
ce42f14d-f5e2-4a50-9cac-006187fc10ce,55307708-3065-4ad2-a4ec-fd2a1c6bbfeb,Met handopsteken,Stemmen - verworpen,Verworpen,2019-10-21T10:17:23.58+02:00
1b6de8b3-3b60-4ad2-99c1-00625209c71d,f2777f12-8a9c-496e-ab17-25d10ec0f061,Met handopsteken,Stemmen - aangenomen,Aangenomen.,2025-06-03T16:44:24.57+02:00
75eb7ba1-898c-40fd-93be-00637d4b9564,c4ad39c0-9b70-4056-bbe0-caf5de2b0492,Met handopsteken,Stemmen - aangenomen,Aangenomen,2019-10-21T10:17:16.14+02:00
36b87b64-d073-4274-a855-00638b50c7fc,89dcbcdb-aa13-43cd-b458-c30cc463d8fa,Met handopsteken,Stemmen - aangenomen,Aangenomen.,2024-03-12T16:09:06.36+01:00
f0551392-b8b6-4c6b-abd0-006391074baf,4a2b37ab-65e2-4847-9c7e-7a10868efd9e,Met handopsteken,Stemmen - verworpen,Verworpen.,2019-10-21T10:17:37.82+02:00
3ada7b3a-9604-47f1-8706-00640a15e0cf,0f802ed8-9ac8-4753-96f2-d14857abb36a,Met handopsteken,Stemmen - verworpen,Verworpen.,2025-07-04T00:10:35.55+02:00
ac78d6d9-c52d-4f82-9bc8-0064b5b28855,548b5624-efd3-47db-9b48-f3c4f52acce4,Met handopsteken,Stemmen - aangenomen,Aangenomen.,2021-04-20T16:21:43.02+02:00
7b40ec2a-0920-4cbb-9a4b-006609d8c8eb,09dfdfe2-023b-40cc-b9f6-65fe83e50965,Met handopsteken,Stemmen - verworpen,Verworpen.,2019-10-21T10:17:17.423+02:00
59b3219e-d798-4b15-a7b9-0066221f82db,c94577ba-e5e2-422c-9486-da8e69369609,Met handopsteken,Stemmen - aangenomen,Aangenomen.,2025-12-17T13:18:36.047+01:00
1be5f57c-8615-473f-a328-006a65ab089f,4c58705d-feb8-4880-a2b9-a5752a65186f,Met handopsteken,Stemmen - aangenomen,Aangenomen.,2019-10-21T10:17:39.683+02:00
7512a959-dbdd-495f-9277-006b700d518d,43ee4699-7d9a-4ac9-bea8-2c9ec2d4e3aa,Met handopsteken,Stemmen - aangenomen,Aangenomen.,2019-10-21T10:17:15.14+02:00
3bad0380-c3ed-4cd2-a645-006c9e8f8c9f,35618e8d-e21c-47f8-864c-722fa8f19190,Met handopsteken,Stemmen - aangenomen,Aangenomen.,2019-10-21T10:17:39.277+02:00
d05f2129-9088-43a6-b035-006d2da4a271,c52d4d63-bdd1-46a6-a567-250e3c0fa3b1,Met handopsteken,Stemmen - aangenomen,Aangenomen.,2025-04-01T16:35:43.027+02:00
cdb52119-781e-400c-abfb-006e27780df5,413ed0e0-487b-4c29-9942-5733cfa29907,Met handopsteken,Stemmen - verworpen,Verworpen.,2019-10-21T10:17:28.71+02:00
d270b48b-6796-4b6c-a710-006e7c1714d4,8fa068e9-7f5f-4859-bb1f-a6d3293b68bf,Met handopsteken,Stemmen - verworpen,Verworpen,2019-10-21T10:17:28.413+02:00
77abbf7d-9ef9-420a-a520-006ec4531991,514bd1e6-2945-4b94-9a5e-05bdecb9cbb4,Met handopsteken,Stemmen - aangenomen,Aangenomen.,2025-06-25T15:16:47.85+02:00
8d90b600-d045-4d57-9e7c-006eccef3115,696ebd39-b7c2-4859-8662-fb1fc8f62bb4,Met handopsteken,Stemmen - aangenomen,Aangenomen,2019-10-21T10:17:38.26+02:00
e5676d9d-78d1-4425-89ca-006f4f7342aa,7a1f68b5-51d8-414a-8bcd-fdb04a219189,Met handopsteken,Stemmen - aangenomen,Aangenomen.,2024-12-20T00:10:56.76+01:00
bd1ff832-07a8-4131-8a85-006fc5ed2eb4,24dfaac9-6a21-401a-9ac6-62b6c2cd27bc,Met handopsteken,Stemmen - aangenomen,Aangenomen.,2022-07-07T22:53:26.623+02:00
3e036ad0-ecd0-4d1e-b8d9-00715621cef0,77566092-0ddf-4473-bdc0-4a185a220db0,Met handopsteken,Stemmen - aangenomen,Aangenomen,2019-10-21T10:17:26.587+02:00
54503775-9860-4462-b39b-0075af2acfc7,be856dc4-2784-4bec-a9c8-e4dfc40aa209,Met handopsteken,Stemmen - aangenomen,Aangenomen.,2025-04-15T16:28:14.6+02:00
2cdcaee1-dfc0-407e-b90a-00782bccb17e,f5466237-1d56-4e23-85a5-9b584e44a19f,Met handopsteken,Stemmen - verworpen,Verworpen.,2022-10-04T16:18:47.3+02:00
c7eac36e-b817-46d4-b8eb-00788132e345,04d5dea1-9d4d-4bd8-ac94-a70e74d594d3,Met handopsteken,Stemmen - verworpen,Verworpen.,2019-10-21T10:17:36.413+02:00
8e4b8773-34d7-416e-af40-007ac0b6fdac,04e901f3-96a3-4dfe-9c81-fce65eaeb79c,Met handopsteken,Stemmen - verworpen,Verworpen.,2022-12-23T00:06:53.73+01:00
9295c508-7a11-4022-aec1-007bb80e9d3d,e527042d-482a-44fe-a8cb-69263b9806e0,Met handopsteken,Stemmen - aangenomen,Aangenomen.,2025-09-18T22:30:29.49+02:00
126788be-10de-4c7b-bcad-007d6a8efbc7,200d174d-786e-4b62-a702-48e650f8dadd,Met handopsteken,Stemmen - aangenomen,Aangenomen.,2025-04-15T16:39:14.483+02:00
513e92fb-59ab-41cd-b987-008037dc3b50,d5f61cca-2594-497c-ae2e-f656e697902c,Met handopsteken,Stemmen - aangenomen,Aangenomen.,2020-12-08T16:31:36.337+01:00
cbcf3fbf-e0e4-454a-b879-0080552157c0,65ed3df4-0b6a-4875-9f57-e70cc34118c5,Met handopsteken,Stemmen - aangenomen,Aangenomen.,2019-10-21T10:17:16.267+02:00
ca78f541-eac9-41d3-b048-00807a355552,7662e011-da4d-4171-b546-bec3af6491b1,Met handopsteken,Stemmen - aangenomen,Aangenomen,2019-10-21T10:17:33.083+02:00
f6d6d5d2-4ebc-4723-9329-00823c715c2a,35f52640-e700-4b9e-8ee1-1ae97e71141d,Met handopsteken,Stemmen - aangenomen,Aangenomen.,2023-03-21T15:42:58.467+01:00
74610659-bd51-44fb-846f-0082ac5277c5,ccf4b43f-a83a-4d8e-b42d-ab1b1c1b37fe,Met handopsteken,Stemmen - aangenomen,Aangenomen.,2021-01-27T17:38:34.003+01:00
fb8c9491-7dd8-4b7e-a746-00845d771941,4f605af8-b890-4f28-bddf-430932f59410,Met handopsteken,Stemmen - aangenomen,Aangenomen.,2019-10-21T10:17:10.813+02:00
5eb8ceb4-466e-497f-9999-0086ac7b941a,dd2659e2-df95-4d26-bdb1-d5d91dc6cd65,Met handopsteken,Stemmen - verworpen,Verworpen,2019-10-21T10:17:40.167+02:00
199247da-ac78-41b3-8f29-008b12d0d8c6,b5f2f924-29dc-4aee-9c93-84ee6a6ba113,Met handopsteken,Stemmen - aangenomen,Aangenomen.,2025-10-02T23:30:57.13+02:00
004f60d8-0f8f-410e-9394-008c5a55ab7d,e939abbc-5cbf-48a2-b675-efc53096b8a8,Met handopsteken,Stemmen - aangenomen,Artikel V: Aangenomen,2010-10-07T15:18:05.413+02:00
8a38682b-9eab-4ed0-874c-008cb081f111,c36a9fb9-31f6-4c2e-b308-e0c77b6e29a1,Met handopsteken,Stemmen - verworpen,Verworpen.,2020-07-03T03:40:39.123+02:00
fadbe714-f2fc-43d2-a425-008d0013ceac,c612db54-a673-4b65-973e-6d3704a6d2fa,Met handopsteken,Stemmen - verworpen,Verworpen.,2025-09-30T16:22:34.17+02:00
2e472f5d-6eee-4e9c-8739-008d0c946225,05fb6abc-e94b-4376-83c9-27652eb69e6b,Met handopsteken,Stemmen - verworpen,Verworpen.,2019-10-21T10:17:20.563+02:00
709270e4-673d-4ed8-9c72-008f369e053f,5ff00c53-eea5-43b3-a00c-ac3817ebdfbb,Met handopsteken,Stemmen - verworpen,Verworpen.,2019-10-21T10:17:12.04+02:00
5f6f5177-05b1-4e58-9a89-008fae937e20,e738415e-3def-4ab3-8e42-ddc56a50f9c9,Met handopsteken,Stemmen - aangenomen,Aangenomen.,2021-11-23T16:07:43.673+01:00
6058ce85-9392-4690-bfee-0090709ff18f,d4beea09-942f-4f53-9ec9-b7363a47d9cd,Met handopsteken,Stemmen - verworpen,Verworpen.,2019-10-21T10:17:39.87+02:00
22cb4e2e-9c53-417d-b2a3-0090aadd8e53,88ab0849-aec3-48c4-b7fc-b9b7fae010c9,Met handopsteken,Stemmen - verworpen,Verworpen.,2019-10-21T10:17:36.967+02:00
d894f794-2758-4305-81fa-0091c2e37d51,873c1d8d-c601-460a-8bc9-597a6757be25,Met handopsteken,Stemmen - aangenomen,Aangenomen,2019-10-21T10:17:37.943+02:00
7e402957-dbd8-4d25-bec2-009261ac62b5,2741efa8-0209-40f5-a94a-74403032f127,Met handopsteken,Stemmen - aangenomen,Aangenomen.,2022-11-22T16:43:27.433+01:00
ee54fb2a-cbfe-4268-a52f-0092f2b02880,b5929e4d-e7f8-406c-ab21-79fa9199a058,Met handopsteken,Stemmen - aangenomen,Aangenomen.,2024-11-12T17:13:52.233+01:00
aaba6be1-f141-404f-851f-00932c7a19fe,7d9bde98-25d2-46a6-8f16-edd354445db3,Met handopsteken,Stemmen - verworpen,Verworpen,2019-10-21T10:17:39.603+02:00
bbeb89f9-ffbc-4d57-bf59-0095d9545c31,ff27ab71-0a6b-4a01-a1e3-cbebd368dcb2,Met handopsteken,Stemmen - aangenomen,Aangenomen.,2020-12-01T16:30:27.11+01:00
354a28b5-ee40-4900-9e42-0098590525de,bb907cbe-0a08-4c14-a331-cd04ab633de8,Met handopsteken,Stemmen - aangenomen,Aangenomen.,2022-07-07T23:42:52.457+02:00
9cd218b9-e632-4955-a3d2-0098f292c422,d2867ff4-b42c-4cad-8fa3-24d442710b03,Met handopsteken,Stemmen - aangenomen,Aangenomen.,2025-07-04T00:11:50.673+02:00
ed59e0f7-7d0d-4545-8aa1-0099d5fbe12f,8c817745-0f1c-4292-801f-970f1b13b23b,Met handopsteken,Stemmen - verworpen,Verworpen,2019-10-21T10:17:36.997+02:00
3cbb178a-8eca-46e5-8b22-009b5e1fe969,3a4ca1be-0522-4f75-bdfe-eb62e5366b0c,Met handopsteken,Stemmen - aangenomen,Aangenomen.,2024-12-18T14:02:28.98+01:00
05d12139-50f3-46a4-a640-009b9d68811e,54eaffff-08ba-445b-b661-620e12edbd7b,Met handopsteken,Stemmen - aangenomen,Aangenomen.,2019-10-21T10:17:26.1+02:00
f1812d26-2fbc-477a-abd5-009c415b9681,1476ea2b-9e49-46c9-a809-aa998b28f406,Met handopsteken,Stemmen - aangenomen,Aangenomen,2019-10-21T10:17:18.313+02:00
5ae1f99c-ff90-4f15-8716-009c6d43d2a5,fe36d153-9d85-4875-b5f6-189035ee84ef,Met handopsteken,Stemmen - aangenomen,Aangenomen.,2023-10-27T10:02:51.287+02:00
0ffa3225-ef43-40ba-95fd-009ce2509def,789e41f9-1ce3-4c00-9a09-ba6a9325a05d,Met handopsteken,Stemmen - verworpen,Verworpen.,2019-10-21T10:17:14.137+02:00
52bd1209-0662-4804-8a53-009f7af94984,d9b035bd-52df-4db1-99a8-2ca7d256b5d7,Met handopsteken,Stemmen - aangenomen,Aangenomen.,2019-12-20T10:18:13.613+01:00
f0753216-be3a-4811-9844-00a30385c0ea,3451ddcf-ef7d-4a77-8765-d76a4c03e47b,Met handopsteken,Stemmen - verworpen,Verworpen.,2019-10-21T10:17:19.64+02:00
66409abd-117a-48e7-bccf-00a30485187e,f4b8a186-450b-47c9-a9c5-fab4d710d850,Met handopsteken,Stemmen - verworpen,Verworpen,2019-10-21T10:17:16.22+02:00
c5466811-bf99-4da3-8f1c-00a32cf3558e,3c5ef8ca-ff53-42ab-bee5-c913ba328ffc,Met handopsteken,Stemmen - aangenomen,Aangenomen.,2024-12-05T14:00:54.133+01:00
583aba31-ff78-4071-8954-00a33a128bc5,e36b133f-6258-4079-95d2-a56be985d801,Met handopsteken,Stemmen - aangenomen,Aangenomen.,2021-07-08T14:34:37.24+02:00
3ea298ea-c7a7-4c04-bbbd-00a548904a73,fafa3342-d17a-4207-b023-511599187071,Met handopsteken,Stemmen - aangenomen,Aangenomen,2019-10-21T10:17:26.473+02:00
9d952603-edbe-47e2-b048-00a75436a2d0,d7ad1f8c-3fad-474a-98b8-af3066f8e9c0,Met handopsteken,Stemmen - verworpen,Verworpen.,2023-02-07T16:27:56.613+01:00
cd2ede7e-26d7-4466-a371-00a7abc69cd0,682758f2-e769-442a-993f-332bb50456dc,Met handopsteken,Stemmen - aangenomen,Aangenomen.,2019-10-21T10:17:35.057+02:00
384c01f9-23b7-480e-9bb5-00a7b0523997,34409302-99c2-4de3-8d47-1f7acca8896b,Met handopsteken,Stemmen - aangenomen,Aangenomen.,2019-10-21T10:17:30.013+02:00
eeac87c0-336a-4ed8-9321-00a900849311,0c90a954-1c1e-497d-8a96-484b512ae4b2,Met handopsteken,Stemmen - aangenomen,Aangenomen.,2019-10-21T10:17:39.667+02:00
abb2705f-6017-473b-9573-00aaa92a61d0,1e51d0b9-bcaa-47e3-8301-a0f5e9d6c8e5,Met handopsteken,Stemmen - verworpen,Verworpen.,2019-10-21T10:17:16.89+02:00
1e9151ac-1fa8-4290-80bf-00ac817625cd,e8975810-0b72-420e-bbfb-459d76760e99,Met handopsteken,Stemmen - verworpen,Verworpen.,2020-12-08T16:34:36.777+01:00
9240949a-252c-4bfa-9880-00adefb060a0,e8580de4-2263-4bf6-8855-e6b03515230f,Met handopsteken,Stemmen - verworpen,Verworpen.,2025-04-24T14:26:48.29+02:00
14fec9fa-14b7-47bd-b82a-00b1979bc081,13ca2c20-df09-4208-862d-d7fe3c1beda4,Met handopsteken,Stemmen - verworpen,Verworpen,2019-10-21T10:17:20.157+02:00
e1a3600a-66fe-48b9-b58e-00b236656b43,363d6e25-950d-4109-b810-df3536f559f7,Met handopsteken,Stemmen - aangenomen,Aangenomen.,2025-05-27T17:05:18.53+02:00
dc0eba29-5837-4bd9-803a-00b28ee09866,3ba27bb2-5daf-4e0c-a179-fbcbcdc812b3,Met handopsteken,Stemmen - verworpen,Verworpen.,2022-04-12T15:55:02.217+02:00
9533b78f-c731-4685-a490-00b2dcfaec6f,0270a284-3b5b-41c6-b97d-c7412ed09d8c,Met handopsteken,Stemmen - verworpen,Verworpen.,2019-10-21T10:17:11.743+02:00
f3fbbb8e-0e9b-4e5c-b8d9-00b563db528f,db0c3481-7975-493c-8ec5-ec74127c0c93,Met handopsteken,Stemmen - verworpen,Verworpen.,2019-10-15T15:48:10.513+02:00
f9426565-4a29-4e75-8736-00b57553c295,4ba3431c-4c91-45e7-aa8c-0a1201d3b3cb,Met handopsteken,Stemmen - verworpen,Verworpen.,2024-03-21T14:11:00.953+01:00
9823b2ea-66d4-4ba4-bf3a-00b9842a3ec0,214ecefb-45df-413e-834d-b0bf1ccc77c8,Met handopsteken,Stemmen - aangenomen,Aangenomen,2019-10-21T10:17:21.207+02:00
9fd4f8a4-b732-4178-aebd-00bad60c2fed,dbd19060-398a-4710-9785-6117ebd1a0fa,Met handopsteken,Stemmen - aangenomen,Aangenomen.,2021-02-25T19:22:19.607+01:00
ed7a7e77-6cae-4e7d-a261-00bafbd14b3c,54cfddbe-dada-400a-a533-e5b7641005c6,Met handopsteken,Stemmen - verworpen,Verworpen.,2025-04-15T16:34:23.79+02:00
7c43e31b-3d8a-403a-81da-00bbaa6b8faa,4e44b8a4-d5b3-4e12-8495-ada6779c1c47,Met handopsteken,Stemmen - verworpen,Verworpen.,2022-12-06T16:43:57.433+01:00
2709416c-e42d-4bcf-9519-00bc9c8b36f2,636b06ff-f90a-44bf-a854-a42d82e0fe9f,Met handopsteken,Stemmen - aangenomen,Aangenomen.,2019-10-21T10:17:13.387+02:00
963c9527-d3af-491b-8cf7-00bd32009054,b0f7ceef-b9f3-4e72-874d-226d6b9920fc,Met handopsteken,Stemmen - verworpen,Verworpen.,2022-10-11T16:04:35.403+02:00
3a40e8f6-ecb9-4f94-bb31-00bd9d020ac6,ee1a512f-c40a-411b-831a-3455d0f2852b,Met handopsteken,Stemmen - aangenomen,Artikel III: Aangenomen,2010-09-28T15:46:54.713+02:00
e680045a-848f-4d0e-a4c4-00c001d8e391,e0a0b23d-d9f0-4125-a3e4-0e8fb4468fc2,Met handopsteken,Stemmen - aangenomen,Aangenomen,2019-10-21T10:17:31.69+02:00
003d01dc-e2a3-48ae-94e9-00c18ace2491,2513a0d8-9666-4f1a-ac17-27212b9b4716,Met handopsteken,Stemmen - verworpen,Verworpen.,2022-07-05T17:01:49.117+02:00
e6a30110-f76a-4b67-8530-00c278840836,cdada35d-8821-4c0f-964d-a11393d1ce4f,Met handopsteken,Stemmen - verworpen,Verworpen.,2024-12-20T00:45:00.067+01:00
43c78e3e-5894-41e2-9c4c-00c346f46647,2a8d859b-6fd7-4085-954c-b40cd9059312,Met handopsteken,Stemmen - verworpen,Verworpen.,2019-10-21T10:17:37.423+02:00
92eb9b6a-f279-4927-aa41-00c502e428bc,cae8c424-a4a7-4df9-ade1-7a300ca24589,Met handopsteken,Stemmen - aangenomen,Aangenomen,2019-10-21T10:17:11.883+02:00
21b9a796-9a11-4a3c-80d0-00c5a52b78f0,e9c9bdd1-6b9f-4f14-9431-64903a4e30fe,Met handopsteken,Stemmen - verworpen,Verworpen.,2019-10-21T10:17:24.287+02:00
16f72f6f-a79c-455e-a586-00c5f116e53d,a204fc78-fa96-4de3-9c50-6abf68154363,Met handopsteken,Stemmen - aangenomen,Aangenomen.,2021-03-10T18:42:05.62+01:00
7c22faf0-4e90-4423-b02c-00c6273dbde8,36eeba71-7b26-4245-988f-c91c958a6e6e,Met handopsteken,Stemmen - aangenomen,Aangenomen.,2022-07-07T22:47:16.207+02:00
a51e6f72-fa6f-42f4-abc5-00c8b8c7667a,cd03d8bd-300d-406a-9214-fb8b818ca19e,Met handopsteken,Stemmen - verworpen,Verworpen.,2019-10-21T10:17:14.62+02:00
71af8689-00b1-4914-99d0-00c8bee27d7f,659cb2ed-7fe9-4d99-a1ed-3d74bf4e4f95,Met handopsteken,Stemmen - aangenomen,Aangenomen.,2024-06-11T16:08:12.233+02:00
788ffae7-f49c-40b9-a908-00c95f908acf,8218e909-9b64-4f5c-935c-7d5055ede661,Met handopsteken,Stemmen - aangenomen,Aangenomen.,2023-04-18T16:41:55.907+02:00
4ce8cf5f-5cf2-4cec-bffa-00cb3d393394,2a89b0a8-ee0f-464b-b42e-c0385c00f973,Met handopsteken,Stemmen - aangenomen,Aangenomen.,2021-02-11T18:41:13.913+01:00
0396abe1-1174-4fe5-994b-00cbfbf0c0bc,33af4b56-06c2-420c-b3a3-8b49aa8ca6e6,Met handopsteken,Stemmen - aangenomen,Aangenomen.,2013-10-10T15:57:48.56+02:00
90d2b633-5d17-430c-8960-00cc5b6013ec,5d2f0ef6-5724-4cb6-9f05-d67924da435a,Met handopsteken,Stemmen - aangenomen,Aangenomen.,2022-06-16T14:18:28.583+02:00
99c27988-5989-4805-a009-00cc6765b0da,3545b494-cb94-44fe-b6d6-ff3ca0f17cb4,Met handopsteken,Stemmen - verworpen,Verworpen.,2019-10-21T10:17:28.523+02:00
a773b6e8-930c-47da-ba8b-00cc97a3b445,f8895ab1-99e4-4530-bac5-4d8bafb90d21,Met handopsteken,Stemmen - aangenomen,Aangenomen.,2025-10-16T17:41:35.57+02:00
835d93b0-f1f1-46b9-b4ba-00cdc3a63632,5e322382-1ee0-45d0-8efa-84f9ecfb83eb,Met handopsteken,Stemmen - verworpen,Verworpen.,2019-12-05T14:02:55.53+01:00
fa21816b-0f7c-4a51-87ea-00cdcd327baf,0cab12fe-b12d-4c05-aa10-2ad1c8dac085,Met handopsteken,Stemmen - verworpen,Verworpen.,2025-01-28T16:15:06.003+01:00
45ca2261-8f8a-40dd-b24a-00ce4571a2d7,59c4b5d8-5064-42b5-9353-40e4cc624757,Met handopsteken,Stemmen - verworpen,Verworpen.,2019-10-21T10:17:23.233+02:00
b0009cd7-a2ac-44f7-97cf-00ce5968e7fc,8380dd5c-71d5-4a6e-9ecc-025d0940d177,Met handopsteken,Stemmen - aangenomen,Aangenomen,2019-10-21T10:17:33.583+02:00
4365538d-c46c-4fb7-b1cc-00ce6074bdff,5c5957c0-4e96-4f8b-ae3e-b37d9db5a6d4,Met handopsteken,Stemmen - aangenomen,Aangenomen.,2019-10-21T10:17:26.523+02:00
2b49ff52-387b-47d4-b228-00ce7140b254,8b2665ca-aeab-401d-9df5-832c8ade9890,Met handopsteken,Stemmen - aangenomen,Aangenomen.,2020-07-02T15:50:00.563+02:00
a11a845c-f317-476a-a7b0-00cf008830f2,53265a9c-ef7d-466e-8cf1-739b570a2756,Met handopsteken,Stemmen - verworpen,Verworpen.,2023-07-12T10:30:08.28+02:00
e7e89a4c-a780-48e4-85a6-00d159b02763,ca0bc2a6-85de-4462-93ea-ffb3e757a18f,Met handopsteken,Stemmen - verworpen,Verworpen.,2019-10-21T10:17:25.77+02:00
0293c3c0-44bb-43a9-8fe3-00d214a102d2,18caf5a6-170c-4243-ad0b-7a3b19335e52,Met handopsteken,Stemmen - verworpen,Verworpen.,2024-02-13T16:13:49.943+01:00
4b171c88-d9bc-46a5-ac17-00d2a04b2585,b587ecab-e11c-4926-a6dc-eca9c94fdddc,Met handopsteken,Stemmen - aangenomen,Aangenomen.,2024-11-14T19:49:16.237+01:00
b8d11ea7-66d2-4c8d-a341-00d4a0323332,99fc1e5d-170d-4132-b1cc-eed9a8a2707c,Met handopsteken,Stemmen - verworpen,Verworpen,2019-10-21T10:17:32.33+02:00
6dce7c58-1ea8-451e-ae32-00d7188021b9,1a3ccd42-1f0e-4b20-8c4b-c38be8713676,Met handopsteken,Stemmen - verworpen,Verworpen.,2020-11-17T16:30:34.563+01:00
ed9361d8-e2bd-4b91-ba66-00d86ee53e61,7885c447-fe17-4808-9939-9be42fcb992b,Met handopsteken,Stemmen - verworpen,Verworpen.,2021-10-12T20:15:23.33+02:00
280a4aad-b4ae-4e3a-a50d-00daf47eabfc,700d62a5-5d65-42ba-841a-04cfbdd9c1d7,Met handopsteken,Stemmen - aangenomen,Aangenomen.,2021-11-30T16:35:47.423+01:00
15904af5-0c43-4bd1-920f-00daf879ca27,ca243229-1eb8-4a50-89de-c57841f0af35,Met handopsteken,Stemmen - aangenomen,Aangenomen,2019-10-21T10:17:09.587+02:00
c25fcb7f-db50-4438-9ca7-00db372d22e9,182e7141-4a32-4ccc-8ab6-40f81508a969,Met handopsteken,Stemmen - aangenomen,Aangenomen.,2019-10-21T10:17:16.39+02:00
8511718b-9b95-4044-9aa4-00dbc5c6b282,ec6314ee-d1c7-47b8-b238-95bdab1cb4f2,Met handopsteken,Stemmen - verworpen,Verworpen.,2023-05-16T15:53:38.47+02:00
6f6b93eb-2242-4b37-a3c9-00dc2368580e,576e4e8d-231d-43c7-bde7-42b4dac9423f,Met handopsteken,Stemmen - aangenomen,Aangenomen.,2019-10-21T10:17:40.667+02:00
e7b78efd-f089-4075-a2a5-00dc42e97d88,bc9db04e-7d5c-4b6a-895b-fc90a510fd25,Met handopsteken,Stemmen - aangenomen,Aangenomen.,2019-10-21T10:17:08.523+02:00
d4f9bc17-6441-47d2-b423-00ddf6af4839,4d94f73e-6da9-42e3-9f9a-497ee209529f,Met handopsteken,Stemmen - aangenomen,Aangenomen.,2023-10-10T16:51:36.64+02:00
9c695c88-9bac-4993-bfb5-00de146a6f4c,c9324180-5d9d-4e2d-b8e4-06c9087ad9c3,Met handopsteken,Stemmen - verworpen,Verworpen.,2022-01-19T21:26:28.23+01:00
068dff4c-3512-4ce5-b274-00de935132e9,0e6f6057-0414-4a4f-a201-f748cc86656b,Met handopsteken,Stemmen - aangenomen,Aangenomen.,2026-02-10T16:00:38.447+01:00
f84d4017-13a9-4b55-a01a-00e066c57b95,8d8fe4d3-be10-45ee-a69d-fdad9d927772,Met handopsteken,Stemmen - verworpen,Verworpen,2019-10-21T10:17:17.757+02:00
f5a60533-211a-4ce6-aac9-00e06f6e7132,ae04d7e8-f4f4-4ba7-a85e-c04c05b1c5ad,Met handopsteken,Stemmen - verworpen,Verworpen.,2024-03-19T17:04:25.59+01:00
e264eced-7810-45f6-9153-00e406c86cfd,d19b3cdc-ca85-4d12-a34f-28648127a74e,Met handopsteken,Stemmen - verworpen,Verworpen.,2022-12-08T15:28:53.85+01:00
37eb2cff-71ba-4573-a9f5-00e4df7a6730,08c71628-818f-4a05-bd57-da85024ab172,Met handopsteken,Stemmen - verworpen,Verworpen,2019-10-21T10:17:24.723+02:00
3ca966c5-c93d-4d46-8aed-00e67daaa2fb,38601459-5334-45b3-ae00-1df9746ef55c,Met handopsteken,Stemmen - aangenomen,Aangenomen.,2019-10-21T10:17:28.46+02:00
05295100-0bd3-4081-9910-00ed5a6a87d5,7816f760-43b3-4899-99a8-da2d178baa25,Met handopsteken,Stemmen - aangenomen,Aangenomen.,2019-10-21T10:17:18.343+02:00
8fbd5f5f-29a0-4d25-b59d-00eda0bb06ac,fb2be645-12a7-4675-a88f-a30a085cdeb7,Met handopsteken,Stemmen - aangenomen,Aangenomen.,2021-04-22T15:55:44.063+02:00
41049801-7e90-49d1-b701-00ee9c1e63e0,101a0e34-506b-4ef5-9845-6ec91212bd64,Met handopsteken,Stemmen - aangenomen,Aangenomen.,2020-11-10T16:55:13.203+01:00
589b5b45-e54f-45cd-b379-00ef1704f275,a3cbf6fa-213e-4b45-9969-5ab1cc325129,Met handopsteken,Stemmen - aangenomen,Aangenomen.,2019-10-21T10:17:36.933+02:00
ce9ee806-7478-4616-b9b1-00ef2c131cbc,72095c68-aabe-49de-8709-ecc843f85701,Met handopsteken,Stemmen - verworpen,Verworpen.,2019-10-21T10:17:15.153+02:00
16b2b04a-720d-46f1-b960-00f027e2dc74,523f66bb-4760-4473-8393-094f3f0c6ea4,Met handopsteken,Stemmen - aangenomen,Aangenomen.,2021-11-02T16:23:59.517+01:00
e58e29bf-46c0-47aa-b476-00f0f5b750ea,c022236e-5569-4b5b-ae54-9d9a2092f458,Met handopsteken,Stemmen - verworpen,Verworpen.,2025-09-30T16:25:09.637+02:00
e773c145-4153-4314-aeb5-00f1306d3e7d,e37f7bdd-d5ef-4bf0-87dc-7b41eabd233a,Met handopsteken,Stemmen - verworpen,Verworpen.,2021-03-24T22:33:09.75+01:00
126f1644-ec28-4bf4-b9cb-00f15825afc0,bb2a62e7-44bf-47ae-9e97-418b3d863dd0,Met handopsteken,Stemmen - verworpen,Verworpen,2019-10-21T10:17:38.493+02:00
456ca79b-468b-4a3f-985b-00f28d8ee87b,b04796ef-bc5d-4cba-a839-9872f897e746,Met handopsteken,Stemmen - verworpen,Verworpen.,2019-10-21T10:17:40.573+02:00
98ed2212-e10e-4b84-909f-00f322cee4e0,f81132c1-eee4-4b20-91a3-7f134c54a72b,Met handopsteken,Stemmen - verworpen,Verworpen.,2019-10-21T10:17:24.49+02:00
41b02666-7fa2-4077-9d2d-00f5a5514ace,2ab8196a-9c7a-4fd1-9343-22df2707eef6,Met handopsteken,Stemmen - aangenomen,Aangenomen,2019-10-21T10:17:23.833+02:00
eb85955d-244f-465e-bf1a-00f64a96d0f4,15ed8673-3177-4296-8bd6-6bf1d3c024dd,Met handopsteken,Stemmen - aangenomen,Aangenomen.,2019-10-21T10:17:35.07+02:00
21f90190-1c2a-4c64-b80f-00f6d56a0985,0187cea2-c8da-4e30-b7f0-df1a8e362ec6,Met handopsteken,Stemmen - aangenomen,Aangenomen.,2025-04-15T16:28:09.537+02:00
2e8e4146-943c-43f5-936b-00f7543abe8e,da3c0638-01f0-4305-a2bb-dde7a4ab5eda,Met handopsteken,Stemmen - aangenomen,Aangenomen.,2019-12-17T17:11:34.04+01:00
41261d4f-e5c5-4d95-ab34-00f8f69968ff,6ef7d1e7-d8cf-4062-9b1e-b64a88bd953e,Met handopsteken,Stemmen - verworpen,Verworpen.,2022-12-08T16:43:02.983+01:00
928f4e49-cf1a-48c7-a4e1-00fa9cd30bf8,4fdb9a63-29e0-4bc2-9877-bb97b01575fd,Met handopsteken,Stemmen - aangenomen,Aangenomen.,2022-09-13T15:51:25.13+02:00
641d85a0-e08a-4d9c-9572-00faa2a77e28,89e69b4d-4b95-494a-8470-c8ed93728df0,Met handopsteken,Stemmen - aangenomen,Aangenomen.,2023-02-14T15:51:17.73+01:00
974d48de-0be8-47c3-909f-00fbf7169bde,2dc2e7ba-b6dd-49d9-95e5-ca4334518b3a,Met handopsteken,Stemmen - verworpen,Verworpen.,2022-07-05T16:53:23.65+02:00
eff267fe-38bb-43f9-ad38-00fc8a09cac7,52d4ae7d-4325-480d-8318-1014ee191dd7,Met handopsteken,Stemmen - verworpen,Verworpen,2019-10-21T10:17:16.517+02:00
c9552a90-b7c1-42af-82b1-00fd7c6207c0,b49a63d9-48d7-432f-9f51-a11ebad1a1c1,Met handopsteken,Stemmen - aangenomen,Aangenomen,2019-10-21T10:17:24.1+02:00
5b5f3324-7b0e-4e06-8a01-00fe0afa1f6b,697ecef1-9e52-4081-8b4c-f294dc9ef373,Met handopsteken,Stemmen - aangenomen,Aangenomen.,2020-02-11T16:49:24.073+01:00
7c18ec27-4f7c-4167-bb26-00fe5eacf710,76419739-ed36-4fce-bbab-6bc35971947f,Met handopsteken,Stemmen - verworpen,Verworpen.,2019-10-21T10:17:22.61+02:00
528c1f3f-c51e-44b7-bc98-00febb3ff2c0,5aab25e0-288e-4f10-a2da-f4d77f47b27f,Met handopsteken,Stemmen - verworpen,Verworpen,2019-10-21T10:17:25.1+02:00
7e927db1-0ecd-4d52-9a6a-00ff85b04be2,c2e911e1-7be3-4a3d-b8d4-999f13e78499,Met handopsteken,Stemmen - verworpen,Verworpen.,2023-02-21T15:36:42.37+01:00
fd8e2383-ba0d-4968-9ebc-00ffce413a95,04711725-c46d-47c5-a6b2-7b56d3e72d04,Met handopsteken,Stemmen - aangenomen,Aangenomen.,2020-11-24T16:33:12.4+01:00
4bc5eb11-caa5-4e5f-9f42-00ffcf97403b,e2d4add0-a821-4c8e-929a-6c049579796c,Met handopsteken,Stemmen - aangenomen,Aangenomen.,2021-07-09T00:49:02.92+02:00
3cd9740a-7473-404c-a55e-0100ff27ebc0,5387b660-8791-4664-89ec-147fca3fdfb5,Met handopsteken,Stemmen - aangenomen,Aangenomen.,2020-10-06T15:38:23.73+02:00
d1b3e113-f5c0-4e02-a757-010236b5ba4a,b0e8084d-0a7f-4312-82d4-f8a8b4512ecc,Met handopsteken,Stemmen - verworpen,Verworpen,2019-10-21T10:17:41.217+02:00
bfc7ad35-5764-474b-99bc-010242ef399f,207f8c1c-5814-4a1a-82c9-badccc4621b3,Met handopsteken,Stemmen - verworpen,Verworpen.,2025-05-20T16:53:13.16+02:00
