vergadering_id,vergadering_titel,vergadering_datum,activiteit_id,activiteit_titel,activiteit_onderwerp,speaker_name,speaker_party,speaker_role,speech_begin,speech_end,speech_text
71ab8f79-1c3b-4070-80cb-66c0e86ee1da,"13e vergadering, dinsdag 13 oktober 2020",2020-10-13T00:00:00,4f0f8f31-64b9-4709-a777-a8e70eb36886,Vragenuur,Vragenuur,Lodders,VVD,lid Tweede Kamer,2020-10-13T14:01:48,2020-10-13T14:03:41,"Mevrouw Lodders (VVD): Voorzitter. In Nederland is iedereen vrij. Iedereen mag zijn wie hij of zij wil zijn. Het maakt niet uit. Je hoort je niet te hoeven schamen voor wie je bent. Niemand mag je met homogenezingstherapieën afleren om te zijn wie je bent. Onderzoek van De Gelderlander heeft aangetoond dat veel van de organisaties die deze therapieën aanbieden, een anbi-status hebben, oftewel een fiscale voorkeurspositie vanuit de overheid. De VVD vindt dat dat echt niet kan: fiscale subsidie om mensen af te leren wie ze zijn! Of een fiscale subsidie die onze vrije samenleving ondermijnt. Voorzitter. Elke keer als mijn fractie leest over homogenezingstherapieën, worden we misselijk. Want er zijn dus kinderen die gedwongen worden dit soort therapieën te volgen, er zijn volwassenen die door hun omgeving gedwongen worden om te veranderen en er zijn roofdieren die daar misbruik van maken met deze kwakzalvertherapie. En dat subsidiëren we ook nog vanuit de overheid. Dat moet stoppen. Ik weet zeker dat het kabinet dit ook vreselijk vindt. Daarom dus mijn volgende vragen. Herkent de staatssecretaris dat veel van deze organisaties die zogenaamde therapieën verzorgen, de anbi-status hebben? Is de staatssecretaris het met de VVD eens dat mensen die onze samenleving ondermijnen, geen fiscale subsidie zouden moeten krijgen? Wat gaat de staatssecretaris doen om deze kwakzalvers hun anbi-status te ontnemen?"
71ab8f79-1c3b-4070-80cb-66c0e86ee1da,"13e vergadering, dinsdag 13 oktober 2020",2020-10-13T00:00:00,4f0f8f31-64b9-4709-a777-a8e70eb36886,Vragenuur,Vragenuur,Vijlbrief,,staatssecretaris van Financiën - Fiscaliteit en Belastingdienst,2020-10-13T14:03:41,2020-10-13T14:07:49,"Staatssecretaris Vijlbrief : Voorzitter, dank u wel. Ik doe het weer zittend, want mijn rug gaat nog niet genoeg vooruit. Maar ik ben in training. Ik geloof dat mevrouw Lodders net het woord ""misselijk"" gebruikte. Dat geeft ook wel ongeveer mijn gevoelen hierbij weer. Dit kan echt niet. Ik ben ook blij dat het AD hier op Coming Out Day aandacht aan heeft gegeven. Voor mij is het glashelder: je seksuele geaardheid is geen ziekte en genezing kan dus nooit aan de orde zijn. Simpel! Het gesprek daarover start niet bij een fiscaliteit. Er zijn eerdere moties over blootstelling aan homogenezingstherapieën in deze Kamer aangenomen. Ik noem de motie van de leden Bergkamp, Van den Hul en Özutök, die de regering verzoekt om diepgaand en onafhankelijk te laten onderzoeken in welke mate jongeren en kwetsbare personen in Nederland worden blootgesteld aan dit soort therapieën. Op basis daarvan heeft minister De Jonge een onderzoek uitgevoerd. Als ik het goed begrijp, komt de tweede fase van dat onderzoek binnenkort gereed en zal hij daarover rapporteren aan uw Kamer. Maar er is geen twijfel over mogelijk: de term ""kwalijke praktijken"" dekt wat mij betreft nog niet helemaal de lading. Dan de anbi's en de fiscale kant, want daar gaan de vragen over. Anbi's moeten voldoen aan de integriteitstoets en die anbi-status kan worden ingetrokken indien kortgezegd de instelling of een of meer van de bestuurders, feitelijk leidinggevende of gezichtsbepalende personen van die instelling, door een Nederlands rechter onherroepelijk is veroordeeld. We hebben het hierover gehad tijdens het debat over de Fiscale verzamelwet. Die wet is een paar weken geleden hier behandeld en in die behandeling hebben we het gehad over de vraag: kun je wat doen aan anbi's waarbij het niet goed gaat? Als de inspecteur gerede twijfel heeft over de integriteit van de instelling, kan hij vragen om een recente verklaring omtrent gedrag te overleggen. Als die niet voldoet, kan de anbi-status worden ingetrokken. Dat brengt mij bij de homogenezingspraktijken. Ik beschouw de praktijken waarover ik nu in de krant lees, niet als algemeen nut beogend. Ik kan me gewoon niet voorstellen welk algemeen nut dit dient. Ik zal de Belastingdienst naar aanleiding van uw vraag verzoeken om hier extra op te controleren. Ik ga ervan uit dat als de Belastingdienst dit tegenkomt bij controles, hij hierop zal acteren. Voor elke anbi geldt dat moet worden voldaan aan fiscale wet- en regelgeving en dat de anbi moet handelen conform algemeen nut. Ik zeg daarbij ten overvloede dat die controles en het handelen van de Belastingdienst natuurlijk wel moeten plaatsvinden binnen de huidige fiscale wet- en regelgeving. Kortom, ik zal graag aan de Belastingdienst vragen om hier nader naar te kijken."
71ab8f79-1c3b-4070-80cb-66c0e86ee1da,"13e vergadering, dinsdag 13 oktober 2020",2020-10-13T00:00:00,4f0f8f31-64b9-4709-a777-a8e70eb36886,Vragenuur,Vragenuur,Vijlbrief,,staatssecretaris van Financiën - Fiscaliteit en Belastingdienst,2020-10-13T14:07:49,2020-10-13T14:08:58,"Staatssecretaris Vijlbrief : Voorzitter. Laat ik proberen dat in ieder geval voor het eind van dit jaar te doen. Ik moet even checken bij de Belastingdienst of dat kan. Ik zeg mevrouw Lodders toe dat als die onderzoeken aanleiding geven tot actie, we dan natuurlijk nader moeten bezien wat de Belastingdienst kan doen met het intrekken van de anbi-status en of daarvoor zelfs wetswijziging nodig zou zijn."
71ab8f79-1c3b-4070-80cb-66c0e86ee1da,"13e vergadering, dinsdag 13 oktober 2020",2020-10-13T00:00:00,4f0f8f31-64b9-4709-a777-a8e70eb36886,Vragenuur,Vragenuur,Vijlbrief,,staatssecretaris van Financiën - Fiscaliteit en Belastingdienst,2020-10-13T14:08:58,2020-10-13T14:10:31,"Staatssecretaris Vijlbrief : Voorzitter. De Deur en De Vluchtheuvel, ik kende ze niet, maar ik ken ze na dit weekend wel. Ze zijn nu in het vizier van de Belastingdienst, dus daar controleren wordt hun makkelijk gemaakt, want ze kennen deze adressen nu en ze zullen daar langsgaan. Als ik vraag om daar te controleren, gaan ze dat hopelijk ook doen. De Kamer legt daar ook de nadruk op. Wat het eerste punt betreft denk ik dat de heer Van Dijk en ik onze afschuw hierover delen. Wat het standpunt van het kabinet betreft over de wettelijke kant hiervan, zei ik al dat de heer De Jonge dit najaar met iets naar de Kamer komt."
71ab8f79-1c3b-4070-80cb-66c0e86ee1da,"13e vergadering, dinsdag 13 oktober 2020",2020-10-13T00:00:00,4f0f8f31-64b9-4709-a777-a8e70eb36886,Vragenuur,Vragenuur,Vijlbrief,,staatssecretaris van Financiën - Fiscaliteit en Belastingdienst,2020-10-13T14:10:31,2020-10-13T14:11:26,"Staatssecretaris Vijlbrief : Als mevrouw het goed vindt, zal ik de verantwoordelijke ministers, minister De Jonge en de collega's van J&W en OCW vragen om spoedig met die kabinetsreactie te komen."
71ab8f79-1c3b-4070-80cb-66c0e86ee1da,"13e vergadering, dinsdag 13 oktober 2020",2020-10-13T00:00:00,4f0f8f31-64b9-4709-a777-a8e70eb36886,Vragenuur,Vragenuur,Vijlbrief,,staatssecretaris van Financiën - Fiscaliteit en Belastingdienst,2020-10-13T14:11:26,2020-10-13T14:12:31,"Staatssecretaris Vijlbrief : Dat het niet gebeurt, weet ik niet zeker. Dat blijkt ook uit het artikel. Het kan natuurlijk zijn dat dit soort praktijken gebeuren in een kerkgenootschap dat de anbi-status heeft. Ik heb een ander idee bij een kerkgenootschap. Ik dacht dat het over verdraagzaamheid et cetera ging, maar dat is een heel ander punt. Maar dat kan ik dus niet beloven. Wat ik wel kan beloven, is dat ik de Belastingdienst onderzoek laat doen naar wat er daar precies gebeurt. Als daar dingen zijn die niet in overeenstemming zijn met het karakter van een anbi, namelijk algemeen nut beogend, dan zullen we daarnaar kijken. We zullen dan kijken of we op basis van de huidige wetgeving de anbi-status kunnen intrekken en anders andere maatregelen moeten nemen."
71ab8f79-1c3b-4070-80cb-66c0e86ee1da,"13e vergadering, dinsdag 13 oktober 2020",2020-10-13T00:00:00,4f0f8f31-64b9-4709-a777-a8e70eb36886,Vragenuur,Vragenuur,Vijlbrief,,staatssecretaris van Financiën - Fiscaliteit en Belastingdienst,2020-10-13T14:12:31,2020-10-13T14:13:37,"Staatssecretaris Vijlbrief : Ik herhaal het toch nog een keer in mijn eigen woorden. Mijn eigen woorden waren dat ik de Belastingdienst ga vragen om hier goed op te controleren. Als zou blijken dat daar praktijken plaatsvinden die niet passen bij de status van een algemeen nut beogende instelling, dan zullen we kijken of we op die basis de anbi-status kunnen intrekken. Kan dat niet, dan zullen we naar de wet moeten kijken."
71ab8f79-1c3b-4070-80cb-66c0e86ee1da,"13e vergadering, dinsdag 13 oktober 2020",2020-10-13T00:00:00,4f0f8f31-64b9-4709-a777-a8e70eb36886,Vragenuur,Vragenuur,Vijlbrief,,staatssecretaris van Financiën - Fiscaliteit en Belastingdienst,2020-10-13T14:13:37,2020-10-13T14:14:24,"Staatssecretaris Vijlbrief : Daar kan ik heel kort op zijn, voorzitter. Het hele korte antwoord waar u van houdt, is: ja. Het éénzinantwoord is: dat volgt automatisch uit het feit dat ik de Kamer heb beloofd dat ik zou rapporteren over de controle."
71ab8f79-1c3b-4070-80cb-66c0e86ee1da,"13e vergadering, dinsdag 13 oktober 2020",2020-10-13T00:00:00,4f0f8f31-64b9-4709-a777-a8e70eb36886,Vragenuur,Vragenuur,Vijlbrief,,staatssecretaris van Financiën - Fiscaliteit en Belastingdienst,2020-10-13T14:14:24,2020-10-13T14:15:23,"Staatssecretaris Vijlbrief : Mevrouw Van den Berg legt de vinger op de zere plek. We zullen precies moeten zien … Dat is ook exact de reden dat ik graag wil dat de Belastingdienst hiernaar kijkt. Het kan best zijn dat deze praktijken onderdeel zijn van een veel breder pakket, zeg ik maar even. Toch blijf ik er vanuit mijn politieke opvatting bij dat dit soort praktijken niet passen bij een algemeen nut beogende instelling, of dat nou 1% is of 10% of 15%. Maar hier zit natuurlijk precies het punt dat uitgezocht moet worden."
71ab8f79-1c3b-4070-80cb-66c0e86ee1da,"13e vergadering, dinsdag 13 oktober 2020",2020-10-13T00:00:00,4f0f8f31-64b9-4709-a777-a8e70eb36886,Vragenuur,Vragenuur,Vijlbrief,,staatssecretaris van Financiën - Fiscaliteit en Belastingdienst,2020-10-13T14:15:23,2020-10-13T14:16:19,"Staatssecretaris Vijlbrief : Nee, ik ben het daar niet mee eens. Ik zal uitleggen waarom. De reactie waarmee collega De Jonge en anderen straks komen, is een reactie op het onderzoek dat gedaan is. Hier gaat het om een aanwijzing, weliswaar in een krantenbericht, dat er praktijken zijn in instellingen die mogelijk/vermoedelijk een anbi-status hebben en waarvan we denken dat dat niet goed past bij een anbi-status. Ik vind het dan passen bij de rol van de Belastingdienst dat die daar ook naar kijkt."
71ab8f79-1c3b-4070-80cb-66c0e86ee1da,"13e vergadering, dinsdag 13 oktober 2020",2020-10-13T00:00:00,4f0f8f31-64b9-4709-a777-a8e70eb36886,Vragenuur,Vragenuur,Vijlbrief,,staatssecretaris van Financiën - Fiscaliteit en Belastingdienst,2020-10-13T14:16:19,2020-10-13T14:17:14,"Staatssecretaris Vijlbrief : Dat klopt. Dat klopt, maar de belangrijkste overkoepelende randvoorwaarde voor iedere anbi is natuurlijk dat ze algemeen nut beogend zijn. Dat wou ik hier maar even als leidraad pakken. Maar de heer Stoffer heeft groot gelijk. We hebben bij de Fiscale verzamelwet natuurlijk ongelofelijk diep en intens al die dingen waaraan een anbi moet voldoen, bediscussieerd. Maar als een anbi zeer duidelijk iets doet wat niet past in ""het algemeen nut beogend"" — en zo klinken deze praktijken — begin ik het wat ingewikkeld te vinden om daar een anbi-status aan te verbinden. Dat heeft te maken met het overkoepelende begrip ""algemeen nut beogende instelling"". Dat is precies de reden waarom ik net voorzichtig was en zei, toen er werd gevraagd of ik dan direct actie onderneem: dan moet ik kijken of de wet mij die ruimte biedt."
71ab8f79-1c3b-4070-80cb-66c0e86ee1da,"13e vergadering, dinsdag 13 oktober 2020",2020-10-13T00:00:00,4f0f8f31-64b9-4709-a777-a8e70eb36886,Vragenuur,Vragenuur,Karabulut,SP,lid Tweede Kamer,2020-10-13T14:17:45,2020-10-13T14:19:47,"Mevrouw Karabulut (SP): Dank u wel, voorzitter. We hebben hier zo vaak gestaan, in discussie, in debat, met de minister van Buitenlandse Zaken over militaire steun aan jihadisten, oorlogsmisdadigers en bondgenoten van Al Qaida in Syrië, en over leugens die het parlement, ons, hierover zijn verteld. Dat was het zogenaamde NLA-programma, dat snel tot staatsgeheim is verklaard en snel in de doofpot is gestopt. Nu werd zaterdag op de radio het nieuws gebracht door het radioprogramma Argos dat Nederland miljoenen euro's betaalt, nog steeds, aan een voormalig kopstuk van een Syrische terreurorganisatie. Het gaat om Labib al-Nahhas, die in ieder geval tot 2017 bij de jihadistische mensenrechtenschenders van Ahrar al-Sham zat. Voorzitter. Hoe kan dit? Nederlandse uitreizigers die zich in het verleden bij deze organisatie, Ahrar al-Sham, aansloten, zijn door de Nederlandse rechter veroordeeld. Maar Nederland, de Nederlandse regering, de minister van Buitenlandse Zaken en deze minister, betalen een welbekend oud-kopstuk hiervan miljoenen euro's? Dat voelde en voelt echt als een klap in ons gezicht. Hoe is het mogelijk dat Buitenlandse Zaken — want dat stelt de minister van Buitenlandse Zaken — zegt niet geweten te hebben dat Nahhas een verleden had bij Ahrar al-Sham? Het was algemeen bekend. Deze figuur schreef zelfs opiniestukken in The Washington Post en allerlei Amerikaanse kranten. Maar ook Koos van Dam, die de Nederlandse Syriëgezant was van januari 2015 tot augustus 2016, wist het. Hij meldde dat de Kamer nog tijdens een rondetafelgesprek in 2018. Het is gewoon ongeloofwaardig dat de minister dit niet zou hebben geweten. Daar wil ik graag een reactie op van deze minister in eerste instantie."
71ab8f79-1c3b-4070-80cb-66c0e86ee1da,"13e vergadering, dinsdag 13 oktober 2020",2020-10-13T00:00:00,4f0f8f31-64b9-4709-a777-a8e70eb36886,Vragenuur,Vragenuur,S.A.M. Kaag,,minister voor Buitenlandse Handel en Ontwikkelingssamenwerking,2020-10-13T14:19:47,2020-10-13T14:23:56,"Minister Kaag : Dank u wel, mevrouw de voorzitter. Ik begrijp de vraag en de zorgen die zijn geuit natuurlijk heel goed. Dit zeg ik uiteraard ook namens minister Blok. Ahrar al-Sham is inderdaad een groepering waarvan we al eerder hebben gezegd dat ze een salafistische en jihadistische achtergrond heeft. Er zijn degelijke berichten over mensenrechtenschendingen. Wij willen dus ook weten wie er geprofiteerd heeft of zou kunnen hebben van deze financiering. Ahrar al-Sham, om dit duidelijk te stellen, wordt uiteraard niet op enigerlei wijze door Nederland gefinancierd, niet nu, niet in het verleden. Het project waarvan sprake was in het programma van Argos, werd door Nederland gecontracteerd via het European Institute of Peace. Dat is een intergouvernementele organisatie, opgericht door heel veel Europese landen, die zich inzet voor ondersteuning van vredesprocessen en dialoog, onder andere in Jemen, Afghanistan, Irak en ook Oekraïne. Wij doen dit, ook vanuit het ministerie, al sinds 2015. De verantwoordelijkheid, en ook de due diligence, voor de manier waarop het project wordt uitgevoerd, ligt in eerste instantie bij het EIP; zo werkt de contractuele basis ook. Het EIP bepaalt zelf met wie ze in zee gaan. Ze hebben dit ook gedaan. Ze hebben hun eigen due-diligenceprocedure. Maar — en hier komt het natuurlijk — het EIP heeft ervoor gekozen om een project te financieren via een Syrische organisatie die de dialoog bevordert voor wat betreft transitional justice, dus overgangsjustitie, zoals mevrouw Karabulut weet. Die organisatie heet SACD. Op een gegeven moment heeft de SACD een consultant — die is inmiddels projectdirecteur of -medewerker — aangesteld, genaamd Nahhas. Deze Labib al-Nahhas functioneerde tot 2016 als hoofd externe betrekkingen of hoofd woordvoering van Ahrar al-Sham. Hij is daar naar eigen zeggen weggegaan, zoals wij weten van het EIP en nu ook uit publiekelijke verklaringen, op basis van fundamentele verschillen en natuurlijk de gewelddadige ontwikkeling van Ahrar al-Sham in die periode. Nu is het volgende het geval. Het EIP is bewust met Labib al-Nahhas in zee gegaan met de volgende redenering: zijn zogenaamde meerwaarde voor een bijdrage aan een politieke oplossing en de vrijwillige en waardige terugkeer van ontheemden en vluchtelingen. Er zijn geen aanwijzingen dat Nahhas in de periode dat hij voor de SADC werkte, gefinancierd middels het EIP met onder andere Nederlands geld, op enigerlei wijze verbonden was met Ahrar al-Sham. Er zijn twee fundamentele kwesties, en die onderkennen wij ook. Eén. De due diligence van het EIP. Nederland heeft het EIP gecontracteerd. Het ministerie van Buitenlandse Zaken wist pas heel laat dat deze meneer Nahhas, die op enigerlei wijze in november 2019 werd genoemd in documenten, de bewuste Labib al-Nahhas was. Ik heb, in samenspraak met minister Blok, het EIP gevraagd om een uitvoerige schriftelijke toelichting op hun due diligence. In tweede instantie hadden wij dit namelijk willen weten om mogelijkerwijs tot een andere weging over te gaan. Het tweede besluitvormingsmoment is, denk ik, een belangrijkere in bredere zin. Nederland financiert veel organisaties via derde partijen. We hebben niet voldoende inzicht in of toezicht op wie of wat zij zijn. Wij gaan op het ministerie van Buitenlandse Zaken over tot een nieuwe risicoweging bij dit soort programma's en projecten."
71ab8f79-1c3b-4070-80cb-66c0e86ee1da,"13e vergadering, dinsdag 13 oktober 2020",2020-10-13T00:00:00,4f0f8f31-64b9-4709-a777-a8e70eb36886,Vragenuur,Vragenuur,S.A.M. Kaag,,minister voor Buitenlandse Handel en Ontwikkelingssamenwerking,2020-10-13T14:23:56,2020-10-13T14:26:23,"Minister Kaag : Het EIP heeft ons daar niet over ingelicht, nee. Het gaat namelijk via derde partijen. Wij financieren het EIP. Het EIP, een gerenommeerde organisatie, heeft een contractuele verplichting aan ons. Zij voeren hun eigen due diligence uit. Zij hebben een Syrische organisatie ingehuurd, die op een gegeven moment de heer Nahhas heeft gecontracteerd voor het voeren van dialoog. De heer Nahhas reist overigens vrij rond. Hij leeft in het VK en reist vrij rond in de Europese Unie. Hij staat op generlei lijst. Maar dit gezegd hebbende, is het inderdaad informatie die wij gehad zouden hebben willen om eventueel tot een andere weging over te gaan. Daarom heb ik deze twee opmerkingen gemaakt."
71ab8f79-1c3b-4070-80cb-66c0e86ee1da,"13e vergadering, dinsdag 13 oktober 2020",2020-10-13T00:00:00,4f0f8f31-64b9-4709-a777-a8e70eb36886,Vragenuur,Vragenuur,S.A.M. Kaag,,minister voor Buitenlandse Handel en Ontwikkelingssamenwerking,2020-10-13T14:26:23,2020-10-13T14:29:33,"Minister Kaag : Ik denk dat ik al een aantal vragen heb beantwoord, voor zover wij de kennis hebben. Ik wacht op een volledig schriftelijk rapport van het EIP over de details van hun due diligence. We moeten bedenken dat andere landen, zoals Canada, en ook organisaties zoals The European Endowment for Democracy directe steun aan dezelfde projecten geven. Het tweede is dat dit project, de SADC, bij de VN en ook bij het Syriëproces aanschuift. De SADC voert ook heel veel gesprekken met de Europese Unie. Ik kan niet oordelen over het extreme kader dat nu geschetst wordt. Ik zeg wel toe — ik heb al gezegd dat wij dit vanuit Buitenlandse Zaken belangrijk vinden — dat er een volledig rapport komt over de due diligence van het EIP. Dan volgt er een nieuw weegmoment van Buitenlandse Zaken en kan er een besluit worden genomen. Op dit moment is er geen informatie op grond waarvan ik nu al de toezegging kan doen dat wij de heer Nahhas gaan vervolgen. Zoals ik zei, woont hij in het Verenigd Koninkrijk. Hij reist vrijelijk. Hij wordt niet vermeld op enigerlei lijst. Dat pleit de man niet vrij; dat zeg ik daarmee absoluut niet. Maar wij hebben op dit moment geen informatie op grond waarvan ik nu al zo'n toezegging zou kunnen doen."
71ab8f79-1c3b-4070-80cb-66c0e86ee1da,"13e vergadering, dinsdag 13 oktober 2020",2020-10-13T00:00:00,4f0f8f31-64b9-4709-a777-a8e70eb36886,Vragenuur,Vragenuur,S.A.M. Kaag,,minister voor Buitenlandse Handel en Ontwikkelingssamenwerking,2020-10-13T14:29:33,2020-10-13T14:30:44,"Minister Kaag : Ik oordeel hier absoluut niet makkelijk over, maar ik probeer wel de rust en de redelijkheid te bewaren, zodat we een volledig inzicht in de feiten kunnen krijgen. We hebben een professionele gerenommeerde organisatie gecontracteerd, geleid door de voormalig staatssecretaris van Buitenlandse Zaken van Zweden. Er staat heel veel op het spel, ook voor deze organisatie. Wanneer je in crisisgebieden tot een dialoog en tot conflictbemiddeling wilt komen, zijn er vaak contacten middels derden nodig om de gesprekken te voeren die nodig zijn. Hiermee vel ik nog steeds geen ander waardeoordeel over Labib al-Nahhas. Ik en ook minister Blok delen de enorme zorgen die zijn geuit. Ik heb toegezegd dat wij een volledig schriftelijk onderzoek van het EIP afwachten. Buitenlandse Zaken financiert vaak organisaties in gebieden waar we nooit de reikwijdte, de controle en de informatie hebben om tot een betere risicobeoordeling te kunnen komen. Er moet vaak direct gehandeld worden. De derde vraag over de heer Nahhas nemen wij ook mee terug. We zijn er zelf al een onderzoek naar gestart, maar ik kan vooralsnog niet de toezegging doen dat deze man op basis van een serie van details vervolgd kan worden. Nog een laatste punt. Ahrar al-Sham was op de Riyad-conferentie van 2016. De eis voor deelname was dat men het doel zou onderschrijven van een vreedzame inclusieve politieke oplossing voor het proces in Syrië. Dit conflict heeft heel veel gezichten en vormen gekend, inclusief organisaties en bewegingen."
71ab8f79-1c3b-4070-80cb-66c0e86ee1da,"13e vergadering, dinsdag 13 oktober 2020",2020-10-13T00:00:00,4f0f8f31-64b9-4709-a777-a8e70eb36886,Vragenuur,Vragenuur,S.A.M. Kaag,,minister voor Buitenlandse Handel en Ontwikkelingssamenwerking,2020-10-13T14:30:44,2020-10-13T14:31:48,"Minister Kaag : Wij zijn er pas onlangs achter gekomen op het ministerie. Dat is natuurlijk heel zorgelijk. Ik zei al dat er op een ander moment misschien een heel andere weging had plaatsgevonden. Er worden meer dan 3.000 projecten en programma's namens Nederland op veel plekken in de wereld uitgevoerd. Nu zijn net bij deze elementen niet alle details naar boven gekomen. Het EIP is in gebreke gebleven door ons niet te informeren over het feit dat de heer Nahhas betrokken zou worden bij dit project. Op het moment van besluitvorming in 2018 figureerde naar mijn inzicht — dat wordt allemaal nog uitgezocht en weer gedeeld met deze Kamer, ook op basis van de vragen die gesteld zijn — niet de heer Labib al-Nahhas. Er was op dat moment dus geen wegingsmoment of een alarmbel die af had kunnen gaan. Dit is natuurlijk betreurenswaardig. Daarom ook weer willen collega Blok en ik uitkomen op een risicoaanscherping in de totale beoordeling."
71ab8f79-1c3b-4070-80cb-66c0e86ee1da,"13e vergadering, dinsdag 13 oktober 2020",2020-10-13T00:00:00,4f0f8f31-64b9-4709-a777-a8e70eb36886,Vragenuur,Vragenuur,S.A.M. Kaag,,minister voor Buitenlandse Handel en Ontwikkelingssamenwerking,2020-10-13T14:31:48,2020-10-13T14:32:29,"Minister Kaag : De subsidie is nog niet stopgezet. Wij wachten de volledige rapportage van het EIP af en komen heel snel tot een nieuw wegingsmoment, inclusief het mogelijke stopzetten van de financiering, tenzij het EIP bijvoorbeeld overgaat tot het opzeggen van het contract met de heer Nahhas. Er zijn verschillende mogelijkheden om dat te doen."
71ab8f79-1c3b-4070-80cb-66c0e86ee1da,"13e vergadering, dinsdag 13 oktober 2020",2020-10-13T00:00:00,4f0f8f31-64b9-4709-a777-a8e70eb36886,Vragenuur,Vragenuur,S.A.M. Kaag,,minister voor Buitenlandse Handel en Ontwikkelingssamenwerking,2020-10-13T14:32:29,2020-10-13T14:34:02,"Minister Kaag : Ja, maar het geld is hier niet het enige. Het gaat namelijk om het Syriëbeleid van dit kabinet. Dit is een project dat gericht is op politieke dialoog en aansluit bij de inspanningen van het Nederlandse kabinet. Daarom wordt ook vaak de politieke gezant genoemd. De gesprekken zijn veelal gevoerd op politiek niveau, zowel in Brussel als in Den Haag. Het is dus minder interessant wat het potje is. Het gaat er meer om wat de inzet was op politiek niveau. Nederland wilde ook graag een bijdrage leveren aan de wederopbouw, het herstel en vooral het inclusieve politieke proces. Daarom is de bron van het geld niet zo relevant in de weging en trekken minister Blok en ik hierin samen op."
71ab8f79-1c3b-4070-80cb-66c0e86ee1da,"13e vergadering, dinsdag 13 oktober 2020",2020-10-13T00:00:00,4f0f8f31-64b9-4709-a777-a8e70eb36886,Vragenuur,Vragenuur,S.A.M. Kaag,,minister voor Buitenlandse Handel en Ontwikkelingssamenwerking,2020-10-13T14:34:02,2020-10-13T14:35:34,"Minister Kaag : In eerste instantie zijn er al veel vragen gesteld. Daarbij komen alle details aan de orde, zoals de financiële verklaringen en het totaalinzicht in het bedrag dat, nogmaals, aan het EIP is uitgekeerd. Het EIP zoekt zijn partners daarbij uit. Ten tweede werp ik natuurlijk de suggestie verre van het kabinet alsof wij hier willens en wetens terreur, terrorisme of van terreur verdachte mensen direct of indirect zouden financieren. Ten derde is niemand hier een vertegenwoordiger of spokesperson voor meneer Nahhas, maar de heer Nahhas heeft Ahrar al-Sham in 2016 verlaten, reist vrijelijk rond als Spaans staatsburger en woont in het Verenigd Koninkrijk. Ik geloof niet dat wij op basis van Unierecht op dit moment de mogelijkheid hebben hem de toegang tot het Nederlandse grondgebied te ontzeggen, maar wij nemen alle vragen tot een betere weging over de heer Nahhas mee. Maar het startpunt is: wat heeft het EIP gedaan en hoe kijken we daar nu naar? De vervolgweging komt snel en ik zeg u dit alles toe in een brief van de heer Blok en mijzelf."
71ab8f79-1c3b-4070-80cb-66c0e86ee1da,"13e vergadering, dinsdag 13 oktober 2020",2020-10-13T00:00:00,4f0f8f31-64b9-4709-a777-a8e70eb36886,Vragenuur,Vragenuur,S.A.M. Kaag,,minister voor Buitenlandse Handel en Ontwikkelingssamenwerking,2020-10-13T14:35:34,2020-10-13T14:35:46,"Minister Kaag : Aangezien tot voor kort op ambtelijk niveau niet bekend was dat het om de heer Labib al-Nahhas ging, denk ik dat er weinig schriftelijke wisselingen zijn geweest. Maar dit moet allemaal nog in kaart gebracht worden. Dit vergt een paar dagen."
68ff1468-dc1c-405a-b7fd-349005446cd3,"100e vergadering, woensdag 26 juni 2013",2013-06-26T00:00:00,0976cf19-c7aa-4e76-94c8-3da57df199c0,Aanbevelingen Europese Commissie extra bezuinigingen,de aanbevelingen van de Europese Commissie voor Nederland om miljarden extra te bezuinigen (inclusief juniraming CPB),G. Wilders,PVV,Lid Tweede Kamer,2013-06-26T10:20:32,2013-06-26T10:26:20,"De heer Wilders (PVV): Mevrouw de voorzitter. Dit kabinet heeft ons mooie land kapotgemaakt. Daarover kun je alleen maar boos worden. Dat ben ik dan ook: boos. Alles wat moet groeien, krimpt: onze economie, de export, het consumentenvertrouwen, de investeringen. Alles wat moet krimpen, groeit bij dit kabinet: de belastingen, het aantal werklozen, de faillissementen. Premier Rutte voert op bevel van Brussel een vernietigend beleid van belasting verhogen en dom bezuinigen. Wij zien het resultaat. Nederland verarmt iedere dag. De premier zei in het Jeugdjournaal tegen kinderen dat hij zelf niet hoeft te bezuinigen. Thuis staat de ouders van veel van deze kinderen het huilen nader dan het lachen. De gewone man is de klos. De hardwerkende Nederlander is de klos. De ondernemer is de klos. De oudere is de klos. Zij betalen het gelag, zij worden ongenadig hard gepakt. 50 faillissementen en 1000 werklozen erbij per werkdag, dat is de sombere balans van 2013 tot dusver. Ook vandaag, as we speak, verdwijnen er 1000 banen en gaan 50 ondernemingen failliet. Het is een economisch drama, het is een sociaal bloedbad, het is een lijdensweg voor zo veel mensen en ondernemingen, voor zo veel gezinnen die zo veel beter verdienen. Nederland verzuipt. De grote schuldige zit daar, in vak K. De premier die de portemonnee van de mensen helemaal leeg graait. Het enige wat hij te bieden heeft, is wereldvreemde dronkenmanspraat. ""Koop een auto! Koop een huis!"" Dat is zijn advies aan wie geen geld meer heeft. De hypotheken van meer dan 1 miljoen gezinnen staan onder water. ""Kom op! Koop een groter huis!"", zegt de premier. Natuurlijk heeft die onzin niet geholpen. Hoe kun je een huis kopen als je geen geld meer hebt? Alsof het allemaal niet genoeg is, wil de premier nu opnieuw 6 miljard bezuinigen en wil hij opnieuw de belastingen verhogen. Ziet hij dan niet dat hij op deze manier de economie helemaal de nekslag geeft? Dat hij op deze manier de welvaart helemaal sloopt? Het lijkt erop dat de premier zijn economiediploma heeft gehaald op het Ibn Ghaldouncollege. Drie kwart van de Nederlanders is tegen 6 miljard extra aan domme bezuinigingen en lastenverzwaringen. Zelfs een meerderheid van de VVD-kiezers is tegen die 6 miljard. Een meerderheid van de PvdA-kiezers wijst alle nieuwe bezuinigingen af. De voorzitter van MKB-Nederland, ook een VVD'er, althans nog wel, zegt: ik ben erin geluisd. Ik doe het niet nog een keer. Al die woede is begrijpelijk. Al die woede in Nederland is terecht. Zo behandel je Nederland niet. Het kabinet leert niet van zijn fouten. Misschien is dat nog wel het ergste. Het slaat elke dag een nieuwe nagel aan de doodskist van onze economie en het wordt alleen maar erger. Ik zei het al: de heer Rutte heeft op bevel van Brussel 6 miljard aan nieuwe bezuinigingen aangekondigd. Daar horen forse lastenverzwaringen bij. Nederland krijgt dus opnieuw te maken met forse belastingverhogingen. Dat zullen we in augustus waarschijnlijk horen. Intussen rijden er elke dag vrachttreinen vol met Nederlands belastinggeld naar Brussel, Griekenland en Cyprus. De Brusselse zakkenvullers laten Nederland nog eens een half miljard euro extra betalen van ons zuur verdiende geld, bovenop de miljarden die we al betalen. Inderdaad mijnheer Rutte, inderdaad mijnheer Samsom: geld moet rollen. Het rolt bij u echter naar het buitenland. Het hart van uw kabinet klopt niet voor Nederland. Er is maar één manier om er bovenop te komen: dat is door de belastingen niet te verhogen, maar te verlagen. Zo kan de economie weer groeien, krijgen ondernemers weer lucht en kunnen mensen weer wat kopen. Dat kan. Dat kan namelijk door te snijden in de miljardenuitgaven aan de Europese Unie, in ontwikkelingshulp, in subsidies, in die malle windmolens, in massa-immigratie en in al die andere dure linkse hobby's. Het kabinet doet echter precies het tegenovergestelde. Mijn partij, de PVV, zal daar nooit mee instemmen. Nederland zal daar nooit mee instemmen. Laat dit mijn boodschap zijn aan de heer Rutte: de Nederlanders zullen hard afrekenen met dit afbraakkabinet."
68ff1468-dc1c-405a-b7fd-349005446cd3,"100e vergadering, woensdag 26 juni 2013",2013-06-26T00:00:00,0976cf19-c7aa-4e76-94c8-3da57df199c0,Aanbevelingen Europese Commissie extra bezuinigingen,de aanbevelingen van de Europese Commissie voor Nederland om miljarden extra te bezuinigen (inclusief juniraming CPB),E.G.M. Roemer,SP,Lid Tweede Kamer,2013-06-26T10:26:20,2013-06-26T10:32:39,"De heer Roemer (SP): Voorzitter. Vorige week plaatsten werkgevers, werknemers, corporaties, projectontwikkelaars en andere partijen uit de bouwsector een advertentie in de Volkskrant, met donkere wolken, een raaf op een grafsteen en vijftien rouwadvertenties van bedrijven die op die dag failliet zijn gegaan. Binnenvaartschipper Willemsen, gestart in 1997, failliet op 19 juni 2013. Stratenmaker Pan, gestart in 1998, failliet op 19 juni 2013. Enzovoorts. Iedere maand gaan honderden bedrijven failliet. In mei was er een nieuw record: 796 bedrijven gingen over de kop. Dat zagen we voor het laatst in 1981. Het beleid van het kabinet leidt tot grote drama's voor veel kleine ondernemers. Daardoor verliezen zij hun onderneming, hun inkomen en hun personeel. Juist nu de werkloosheid een recordhoogte heeft bereikt, gaat het kabinet nog eens 6 miljard extra bezuinigen. Die 6 miljard komt bovenop de tientallen miljarden die er al doorgedrukt zijn. Nederland graaft zijn eigen graf, of laat ik het beter zeggen: dit kabinet graaft een graf voor Nederland. De Volkskrant van gisteren illustreerde het misschien nog beter. We lezen op pagina 4 dat het kabinet mensen die in de bijstand belanden de eerste vier weken geen cent geeft. Dat betekent vier weken wachten voor mensen die aangewezen zijn op het laatste vangnet. Op pagina 6 staat dat het kabinet de pensioenopbouw verlaagt. Onze kinderen bouwen fors lagere pensioenen op dan oudere collega's. Op pagina 7: nieuwe armoede onder kinderen. Eén op de negen kinderen leeft nu in armoede. Eén op de negen kinderen moet het doen met één maaltijd per dag, of loopt 's winters op zomerschoenen. In diezelfde krant lezen we een interview met Diederik Samsom met als motto dat het geld weer moet rollen. Het is eenzelfde wanhoopsoproep als enige weken geleden van premier Rutte. Ik vraag mij af of de heren niet zien dat de bevolking cynisch wordt van dit soort oproepen. Zien ze dan niet dat de bevolking zich opgelicht voelt, zich bestolen voelt en zich bedrogen voelt? Zien ze dan daadwerkelijk niet dat het hypocriet is om mensen op te roepen hun geld uit geven, terwijl diezelfde mensen aan alle kanten worden gepakt: hogere huren, hogere zorgkosten, lagere pensioenen, vermindering van de koopkracht, forse afbraak van lokale voorzieningen en duurdere kinderopvang; kortom, rekening op rekening. Ik vrees dat de heren het echt niet zien, want naar kritiek op de bezuinigingspolitiek wordt niet geluisterd. Rutte en Samsom zijn losgezongen van de samenleving en het lijkt erop dat zij compleet geïsoleerd zijn geraakt. Zij praten nog met elkaar, zij luisteren nog naar elkaar, maar hun hoogste doel is vasthouden aan elkaar. Als Rutte niet langer kan rekenen op de steun van Wientjes en Biesheuvel en Samsom niet langer op de steun van Heerts, wie zijn dan nog de bondgenoten? Het lijkt erop dat zij nog één bondgenoot over hebben, een man die sinds twee jaar feitelijk de lakens uitdeelt: Olli Rehn. Als hij zijn hoepeltje omhooghoudt, dan springen we wat hoger; als hij het wat laag houdt, dan springen we wat lager. Het kabinet komt, samen met Olli Rehn, echter precies met het omgekeerde van wat Nederland nodig heeft. Je hoeft geen briljant econoom te zijn om te bedenken wat de nieuwe bezuinigingen gaan betekenen: nog meer werklozen, minder zorg voor meer geld, verdere afbraak van sociale voorzieningen, minder economische groei, minder koopkracht voor de Nederlanders, meer mensen onder de armoedegrens, een verdere afbraak van de publieke sector en voortdurend tegenvallende cijfers. Aan de andere kan zien we dat het vermogen van de tien procent rijkste Nederlanders al jaren fors aan het groeien is en dat de topinkomens zichzelf het afgelopen jaar weer een forse salarisverhoging hebben gegeven van zo'n zeven procent, terwijl werknemers moeten inleveren of, nog erger, ontslag krijgen. Het resultaat van het beleid van de afgelopen jaren blijkt dramatisch uit te pakken en de schreeuw om een alternatief wordt steeds heftiger. Stop nu met bezuinigen en geef Nederland rust en vertrouwen! Redt banen in de zorg en bij de sociale werkplaatsen. Creëer banen door onder andere van de verhuurdersheffing een investeringsverplichting voor corporaties te maken. Herstel de koopkracht van miljoenen Nederlanders, zodat de binnenlandse bestedingen weer aantrekken. Help het midden- en kleinbedrijf nu eens echt! Verlaag de btw en help ondernemers aan krediet door een nationale investeringsbank op te zetten. De tijdgeest is aan het veranderen. De dagen van ongeremd bezuinigen, afbreken en slopen zijn geteld. Dit kabinet bestrijdt geen crisis, dit kabinet verlengt en verdiept de crisis. Dit kabinet is een crisis. Het is tijd om te bouwen en te investeren en niet om toe te kijken hoe de crisis zich verdiept. De premier kreeg gisteren een herdenkingsprijs uitgereikt voor zijn Europese bezuinigingsdrift. Ik moet eerlijk zeggen dat ik even mijn wenkbouwen moest fronsen. Maar goed, je organiseert een herdenking ter afsluiting van en herinnering aan een dramatische periode of gebeurtenis. Wat dat betreft is deze prijs dan wel weer toepasselijk."
68ff1468-dc1c-405a-b7fd-349005446cd3,"100e vergadering, woensdag 26 juni 2013",2013-06-26T00:00:00,0976cf19-c7aa-4e76-94c8-3da57df199c0,Aanbevelingen Europese Commissie extra bezuinigingen,de aanbevelingen van de Europese Commissie voor Nederland om miljarden extra te bezuinigen (inclusief juniraming CPB),A. Pechtold,D66,Lid Tweede Kamer,2013-06-26T10:32:39,2013-06-26T10:39:20,"De heer Pechtold (D66): Voorzitter. Twee maanden geleden kreeg dit kabinet van oppositie en coalitie in een motie een heldere boodschap mee: maak tempo en wacht niet tot augustus met extra, heldere maatregelen. In december vorig jaar zei D66 dat ook al: maak een noodpakket voor als de economie tegenzit. Alles wat we tot nu toe hebben gezien, is de nietszeggende kabinetsbrief van vorige week. Dat betekent dus uitstel en onzekerheid voor mensen. In crisistijd is het juist aan politici om vertrouwen te herstellen en Nederland verder te brengen. Wie zijn baan verliest, wie zijn huis niet verkocht krijgt en wie onzeker is over zijn pensioen, verwachten van politici heldere keuzes, standvastigheid, perspectief en daarmee zekerheid. Kijk naar het woonakkoord. Na jaren gesteggel werd eindelijk een knoop doorgehakt. Dat lijkt te werken. De woningmarkt lijkt te stabiliseren en dat biedt kansen op herstel. Mensen willen daden, niet louter stoere woorden. Mensen kopen niets voor een groene waas van een premier die het CPB wil verslaan. Mensen kopen niets voor een PvdA-fractievoorzitter die in de krant mensen ertoe verleidt om hun geld te laten rollen. Dat zijn schoten voor de boeg, losse flodders. En wie willen zij daarmee overtuigen? Elkaar? Ons? Ik zou zeggen: pak gewoon door! En zo niet, houd het dan voor je, want dit creëert alleen onrust en onzekerheid. D66 wil perspectief bieden. We modderen al jaren voort, onder Balkenende IV en Rutte I. Ja, er is ook een positieve noot. Er was een ambitieus regeerakkoord. Dat was een verademing. Zo heb ik het ook genoemd. De energie spatte ervan af, maar de ambities zijn stap voor stap afgezwakt. Vak-K ziet er nu al uitgeblust uit. Ter voorbereiding heb ik het regeerakkoord nog maar eens gelezen. Ik heb voor mijzelf aangegeven wat daarvan inmiddels is uitgesteld of afgesteld. Ik heb hier de pagina's over de arbeidsmarkt. Ik heb met een rode stift datgene gemarkeerd wat na een halfjaar al niet meer doorgaat. Als de premier het niet gelooft, krijgt hij een kopietje. Zo kan ik op de woningmarkt en op alle andere terreinen, zoals de bestuurshervorming van Plasterk, inmiddels allerlei afgezwakte ambities markeren. De hervorming van de arbeidsmarkt is uitgesteld en afgezwakt. En wat blijkt? Dat kost tienduizenden banen. Er is uitstel op uitstel, van ontslagrecht tot WW, van sociaal leenstelsel tot Randstadprovincie. En wat het bezuinigen van 6 miljard betreft: sorry, maar het kabinet gaat eerst even met vakantie. Hoe nu verder? Een breed akkoord is van tafel, zo lezen we. Hoezo van tafel? De enige tafel waarop het ooit heeft gelegen, is de tafel van Pauw en Witteman, toen collega Samsom daar zat te oreren over een Oranjeakkoord. Kiest het kabinet serieus voor een alleingang? Dit mag dan volgens de premier het beste naoorlogse kabinet zijn, het blijft — ook in zijn eigen woorden — een bijzonder meerderheidskabinet, met alle trekken van een instabiel minderheidskabinet. Eén ding is duidelijk: alleen komt hij er niet. Je kunt niet drie uur voor een pensioendebat de oppositie opbellen voor steun aan bezuinigingen van 3 miljard, zoals afgelopen maandag gebeurde. Het polderoverleg is gisteravond geklapt. De bal ligt weer bij de politiek. Hoe komen we daar nu uit? Wanneer en hoe gaat de minister-president nou eindelijk de regie pakken? Een rondje bellen in blessuretijd is ook de manier waarop dit minderheidskabinet steun hoopt te vinden voor de begroting van volgend jaar. Het kabinet kan dit lang voor zich uitschuiven, maar die vraag komt. Is het niet nu, dan wel met Prinsjesdag. Is het niet hier, dan is het wel in de Eerste Kamer. Daarop krijg ik graag een reactie. Het kabinet kiest voor uitstel van structurele hervormingen en koerst zo op 6 miljard aan bezuinigingen en lastenverzwaring. Weet het kabinet zeker dat 6 miljard voldoende is, onder alle omstandigheden, ook als het niet structureel hervormt, zoals begrotingscommissaris Rehn vraagt? Is dat een toezegging van hem? Staat dat zwart-op-wit vanuit Brussel? Ook daarop krijg ik graag een reactie. De coalitie en de sociale partners hebben een hek gezet om het sociaal akkoord, maar is er eigenlijk nog wel een sociaal akkoord? Nee, zegt Corrie van Brenk. Het kabinet speelt met vuur, zegt Ton Heerts. En mkb-voorman Biesheuvel heeft er spijt van. Was het sociaal akkoord slechts een wapenstilstand, met als gevolg bizarre woordenspelletjes over het pakket van 4,3 miljard: op tafel, van tafel, voorlopig van tafel, onder het tafelkleed, het kan weer herleven, wel, niet, geheel of gedeeltelijk? En nu? Geen 4,3 miljard maar 6 miljard. De vraag dringt zich dus op of, als dit akkoord van tafel is, weer onverkort het regeerakkoord geldt. Ik krijg hierop graag een reactie van de minister-president. In de motie werd gevraagd om een concreet voorstel voor de zomer om vertrouwen te herstellen en mensen zekerheid te bieden. In mijn agenda staan nog iedere week afspraken met leden van het kabinet. D66 blijft kritisch en constructief, maar met vrijblijvende gesprekjes komen wij er niet. Met uitstel evenmin. Het kabinet is aan zet. Toon lef, hak knopen door, regeer!"
68ff1468-dc1c-405a-b7fd-349005446cd3,"100e vergadering, woensdag 26 juni 2013",2013-06-26T00:00:00,0976cf19-c7aa-4e76-94c8-3da57df199c0,Aanbevelingen Europese Commissie extra bezuinigingen,de aanbevelingen van de Europese Commissie voor Nederland om miljarden extra te bezuinigen (inclusief juniraming CPB),Haersma Buma van,CDA,Lid Tweede Kamer,2013-06-26T10:39:20,2013-06-26T10:39:21,"De heer Van Haersma Buma (CDA): Voorzitter. Alleen al in de eerste drie maanden van dit jaar nam de werkloosheid in ons land met 50.000 mensen toe. Over het hele jaar gerekend, kan dit aantal stijgen met 150.000 tot 200.000 mensen. De economie krimpt en de werkloosheid stijgt. Dat is het drama van 2013. Dat 2013, maar ook 2014 slecht zouden worden, weten wij al sinds februari van dit jaar. Sindsdien is het alleen maar verder bergafwaarts gegaan. Een consistent en vertrouwenwekkend antwoord is nodig, maar het kabinet heeft goed beschouwd sinds die tijd nog geen enkel besluit genomen. Wie onrust zaait, zal wantrouwen oogsten. Dat is precies waar het consumentenvertrouwen aan kapot gaat. Eerst was er een bezuiniging van 4,3 miljard euro. Je kunt het met de keuzes eens zijn of niet, het was wel een snelle start. Na het sociaal akkoord verdween die bezuiniging van tafel als sneeuw voor de zon. Inmiddels is zij weer opgedoken, maar nu ter grootte van 6 miljard. Tijdens het debat in de Kamer over het sociaal akkoord is een motie van de heer Pechtold aangenomen. Het kabinet zegde toe zo snel mogelijk te besluiten over een aanvullend pakket opdat wij daarover nog voor het reces zouden kunnen spreken. Eigenlijk zou dat het debat van vandaag moeten zijn, als die motie over een pakket voorstellen voor 2014 was uitgevoerd. Maar waar is dat pakket? Waar zijn de voorstellen? Wanneer komen die voorstellen, zo vraag ik de premier. In de brief is nog maar één ding duidelijk: 6 miljard netto bezuiniging. En waarom? Volgens het kabinet alleen nog maar omdat dat moet van Brussel. Waar is de premier gebleven die ooit zei: wij doen dit niet voor Brussel maar voor onszelf? Ik voeg er aan toe: voor de toekomst van ons land en van onze kinderen. Kan de minister-president garanderen dat het, nu hij zo naar Brussel kijkt, na die 6 miljard in november niet nog weer eens meer wordt? Is het denkbaar dat er nog een herstelde raming komt waardoor het bedrag nog groter wordt? Heeft hij nu definitief 3% als zijn ijkpunt losgelaten? Onderwijl loopt mijn spreektijd niet mee. Ik ga er dan ook vanuit, mevrouw de voorzitter, dat ik mijn verhaal zo lang kan houden als ik dat zelf wens. Dit waren de eerste inleidende zinnen die niet meetellen."
68ff1468-dc1c-405a-b7fd-349005446cd3,"100e vergadering, woensdag 26 juni 2013",2013-06-26T00:00:00,0976cf19-c7aa-4e76-94c8-3da57df199c0,Aanbevelingen Europese Commissie extra bezuinigingen,de aanbevelingen van de Europese Commissie voor Nederland om miljarden extra te bezuinigen (inclusief juniraming CPB),Haersma Buma van,CDA,Lid Tweede Kamer,2013-06-26T10:39:22,2013-06-26T10:46:28,"De heer Van Haersma Buma (CDA): Dan het sociaal akkoord. De voorzitter van MKB-Nederland heeft er geen fiducie meer in. Hoe zeker is dit kabinet nog van de steun van de polder als het nu met die 6 miljard bezuinigingen op de proppen komt? Heeft het zich niet inmiddels in zo veel kronkels gedraaid dat de minister-president straks in september koud en alleen voor de deur van het Torentje overblijft? Aan partijen van de oppositie wordt gevraagd mee te denken. Dat is logisch, maar ik voeg daaraan toe: niet alleen op de voorwaarden van de coalitie. De pijlers van het regeerakkoord Bruggen slaan mogen niet worden aangetast. Dat staat in de brief, maar daar wringt voor de CDA-fractie nu juist de schoen. Veel van de ellende van dit kabinet komt juist voort uit die pijlers. De eerste pijler is het op orde brengen van de schatkist. Op zichzelf is dat logisch. We hebben echter gezien dat dit onder dit kabinet leidt tot onvoorstelbare lastenverzwaringen, ook bij de invulling van de 6 miljard. Laat het duidelijk zijn: aan lastenverzwaringen in 2014 doet het CDA niet mee. Ik heb het eerder gezegd. De tweede pijler is eerlijk delen. Het klinkt zo mooi, maar het is de motivering voor de grootste nivelleringsoperatie sinds tijden, die vooral de middeninkomens heeft geraakt. De derde pijler is duurzame groei. Daar ben ik het helemaal mee eens, maar waar is de groei? Als het kabinet serieus met de oppositie, en dus ook met het CDA, wil praten, moeten we eerst spreken over de foute pijlers onder het regeerakkoord. De eerste pijler moet dan zo worden ingevuld dat lastenverhogingen geen rol meer spelen. De tweede pijler, eerlijk delen, blijkt geen eerlijk delen te zijn. Ik verzoek het kabinet dan ook om die tweede pijler, als met het CDA wordt gesproken, te vervangen door eerlijke economie. Een eerlijke economie is een economie waarin de middeninkomens niet de dupe worden, waarin werken loont en waarin alles draait om banen, en niet om nivelleren, en al helemaal niet om de gouden bergen die collega Samsom gisteren beloofde. Tegen degenen die dit verhaal willen kopen, zeg ik: pas op, het risico van dit product is zeer hoog. Maar wat dan wel? Bij de besparingen kan de coalitie eerst naar de eigen uitgaven kijken. Voor 2014 staat een bedrag van 1,7 miljard aan investeringen tegenover de bezuinigingen. Begin daar eerst maar eens aan, en kom dan terug. Ik heb een eerder ingediende motie aangehouden omdat het kabinet voorstellen zou doen. Ik heb niks gezien. Ga vervolgens met sociale partners aan tafel en zie dat het sociaal akkoord aanpassingen behoeft. Dan heb ik het bijvoorbeeld over het tempo en de aard van de hervormingen. Bijvoorbeeld minister Asscher geeft 600 miljoen uit aan omslachtige banenplannen, met zelfs een mogelijkheid tot het herintroduceren van een soort VUT-regeling. Dat levert hoogstens tijdelijke banen op; gesubsidieerde arbeidsplaatsen. Is het kabinet bereid om die 600 miljoen in te zetten om samen met het mkb de banen van lagelonenlanden terug te halen naar Nederland: de maakindustrie terug naar Nederland? Is het kabinet bereid om daarmee echte banen te creëren? In het voorjaar heb ik al tegen het kabinet gezegd dat met het CDA te praten valt over loonmatiging. Ik vind het altijd moeilijk uit te leggen dat de agent, die zwaar werk verricht, jaar in jaar uit op de nullijn zit terwijl de zorg er jaar in jaar uit geld bij krijgt. Het eerste wat het kabinet weggaf in het zorgakkoord was de loonmatiging. Waarom begint het kabinet pas in 2015 en niet al in 2014 met het verlagen van de topinkomens in de zorg, terwijl iedereen moet inleveren in 2014? Pijnloos uit de crisis komen we niet, maar het moet en het kan. Mensen beseffen dat ook heel goed, maar ze hebben wel recht op duidelijkheid en op eerlijkheid in de economie."
68ff1468-dc1c-405a-b7fd-349005446cd3,"100e vergadering, woensdag 26 juni 2013",2013-06-26T00:00:00,0976cf19-c7aa-4e76-94c8-3da57df199c0,Aanbevelingen Europese Commissie extra bezuinigingen,de aanbevelingen van de Europese Commissie voor Nederland om miljarden extra te bezuinigen (inclusief juniraming CPB),Haersma Buma van,CDA,Lid Tweede Kamer,2013-06-26T10:47:08,2013-06-26T10:47:23,De heer Van Haersma Buma (CDA): Het Kunduzakkoord was natuurlijk voor 80 tot 90% het akkoord waarvoor de heer Wilders al voor 99% zijn akkoord had gegeven. Daarvoor hebben wij namelijk zeven weken in het Catshuis gezeten. Een toontje lager van zijn kant zou dus ook helpen.
68ff1468-dc1c-405a-b7fd-349005446cd3,"100e vergadering, woensdag 26 juni 2013",2013-06-26T00:00:00,0976cf19-c7aa-4e76-94c8-3da57df199c0,Aanbevelingen Europese Commissie extra bezuinigingen,de aanbevelingen van de Europese Commissie voor Nederland om miljarden extra te bezuinigen (inclusief juniraming CPB),Haersma Buma van,CDA,Lid Tweede Kamer,2013-06-26T10:48:19,2013-06-26T10:48:57,"De heer Van Haersma Buma (CDA): Over de hoogte van het toontje kunnen we nog wel een debat aangaan. Niet zo heel lang geleden ging ook u uit van een maximaal begrotingstekort van 3%. U kunt me dus interrumperen wat u wilt, u kunt mij zelfs interrumperen tot u een ons weegt, maar dan nog blijf ik zeggen dat u voor 99% akkoord was. De laatste dag liep u met de staart tussen de benen weg. Toen kwam er een akkoord uit dat heel erg leek op datgene waarover u zeven weken blijkbaar wel serieus wilde praten. U mag uw vragen dus stellen, maar als het gaat over wie medeverantwoordelijk is: shake hands."
68ff1468-dc1c-405a-b7fd-349005446cd3,"100e vergadering, woensdag 26 juni 2013",2013-06-26T00:00:00,0976cf19-c7aa-4e76-94c8-3da57df199c0,Aanbevelingen Europese Commissie extra bezuinigingen,de aanbevelingen van de Europese Commissie voor Nederland om miljarden extra te bezuinigen (inclusief juniraming CPB),Haersma Buma van,CDA,Lid Tweede Kamer,2013-06-26T10:49:20,2013-06-26T10:50:26,"De heer Van Haersma Buma (CDA): Ik houd mijn toon op dezelfde hoogte, zeker omdat wij zeven weken ja hebben gehoord en de laatste dag nee. Inderdaad, ik ben absoluut van mening dat ook u zeven weken bereid was om te praten over het pakket van vorig jaar. Dat feit ontslaat mij echter niet van een antwoord op de vraag. Als de economie een jaar later blijkt stil te staan en als de effecten van de lastenverhogingen veel scherper zijn dan toen door het CPB werd geïndiceerd, moet je een jaar later tot het besef komen dat een nog verdere lastenverzwaring niet nodig is en niet moet. Daarom ben ik ertegen."
68ff1468-dc1c-405a-b7fd-349005446cd3,"100e vergadering, woensdag 26 juni 2013",2013-06-26T00:00:00,0976cf19-c7aa-4e76-94c8-3da57df199c0,Aanbevelingen Europese Commissie extra bezuinigingen,de aanbevelingen van de Europese Commissie voor Nederland om miljarden extra te bezuinigen (inclusief juniraming CPB),M.L. Thieme,PvdD,Lid Tweede Kamer,2013-06-26T10:50:26,2013-06-26T10:56:09,"Mevrouw Thieme (PvdD): Voorzitter. We zijn eruit! Eerst ontdekte de minister-president het ei van Columbus: als we allemaal een auto, of liever nog een huis kopen, kunnen we onszelf aan onze haren uit het moeras trekken. En het mooiste wat je in een coalitie van water en vuur natuurlijk kan overkomen, gebeurde ook: Diederik Samsom, uit een heel andere school, roept op om meer te consumeren; voor je het weet, hebben we het dan allemaal weer goed. Zoals Madoff bij inzakkende beurskoersen besloot tot een vlucht vooruit met geld dat niet van hem was, zo zoeken VVD en PvdA koortsachtig naar nieuwe groeiscenario's ten laste van pensioen- en spaarreserves. De vraag is natuurlijk of de politiek daarmee het vertrouwen van de burger terugwint. En mocht dat vertrouwen daarmee terugkomen, wat voor samenleving krijgen we dan? Een samenleving waarin meer consumeren het hoogste doel is. Dat is exact wat Diederik Samsom bij zijn aantreden als PvdA-politicus wilde bestrijden: die ""Dikke Ik"", weet u nog? Het is de belofte van economische groei die alles mogelijk maakt op het moment dat het systeem is vastgelopen. De systeemcrisis te lijf gaan met achterhaalde mantra's over ""geld dat moet rollen"". Dat is tekenend voor de onmacht van de traditionele politiek. Geloven in ongelimiteerde economische groei in een wereld die ecologische grenzen kent, is naïef. Wie gelooft er nog in de ""onzichtbare hand"" van Adam Smith, in multipliers en in accelerators, banenmotoren en koopkrachtplaatjes, als die allemaal op hetzelfde drijfzand zijn gebouwd? Zoals een piramidespel niet kan zonder nieuwe inleg, zo kan onze economie niet meer zonder conventionele groei. Wij zijn daarin gaan geloven toen wij allemaal uitzicht kregen op een eigen huis, een hoge hypotheek, twee auto's voor de deur en drie keer per jaar op vakantie. Wie deed ons wat? Robert Kennedy zei daarover in 1968: ""Het bruto binnenlands product omvat luchtvervuiling en reclame voor sigaretten. Het rekent de speciale sloten voor onze deuren mee en ook de gevangenissen voor de mensen die ze stukmaken. Het bruto binnenlands product omvat de vernietiging van de cederwouden en de dood van Lake Superior. Het neemt toe met de productie van napalm en raketten en kernkoppen. Het houdt geen rekening met de gezondheid van onze gezinnen of de kwaliteit van het onderwijs. Het telt niet de schoonheid van onze poëzie mee of de kracht van onze huwelijken, noch de intelligentie van het publieke debat of de integriteit van ambtenaren. Het meet kortweg alles, behalve dat wat het leven de moeite waard maakt."" De kwaliteit van het bestaan met perspectief, een schone leefomgeving en behoud van natuur wordt nauwelijks betrokken in onze economische definities. Marc Chavannes schreef: ""Zolang we accepteren dat alle zorgen en verlangens in geld uitgedrukt worden, zitten we gevangen in een eenzijdige economische logica."" Dat wordt duidelijk bij de dans rond de Brusselse totempaal van 3%. Zolang je blijft dansen rond de totempaal, hoef je geen richting te kiezen. De VVD vond, anders dan de Partij van de Arbeid, dat er niet getornd mocht worden aan de 3%, maar na de verkiezingen waarbij deze partijen elkaar ook op dit punt te vuur en te zwaard bestreden, hebben ze stuivertje gewisseld. Lood om oud ijzer. De tegenpolen van september vorig jaar zijn nu in- en uitwisselbaar tegelijk. Als regeringspartijen het nemen van fundamentele beslissingen uitstellen omdat ze het niet met elkaar eens zijn, maar wel op elkaar zijn aangewezen, investeren ze tijd in een tikkende tijdbom. Dat is wel het domste wat je kunt doen tijdens een systeemcrisis. De oplossingen zijn er, maar de wil ontbreekt. Er zijn inmiddels bijna 700.000 mensen die zonder baan aan de kant staan. Er is nog steeds woningnood. De dijken moeten nog steeds hoger. Het openbaar vervoer moet nog steeds verbeterd worden en er zijn nog steeds onvoldoende handen aan het bed. De overheid zou moeten investeren in duurzame oplossingen voor die problemen, zoals het energiezuinig maken van onze huizen en het veilig maken van onze leefomgeving. Als dat perspectief er is, is er draagvlak bij de mensen om een bijdrage te leveren. Dan kun je zeggen: laten we financieel bijdragen. Daarvoor zijn echt radicale koerswijzigingen nodig, in plaats van oproepen om meer auto's te kopen. Stop met de milieuschadelijke subsidies van meer dan 5 miljard euro per jaar, betaald door de belastingbetaler. We kunnen de belasting op arbeid omlaag brengen en de belasting over de toegevoegde waarde, de btw, vervangen door een belasting over de onttrokken waarde. Zo stimuleren we hergebruik van grondstoffen en tegelijkertijd ook de werkgelegenheid. De vraag is niet of we ons een ander duurzaam beleid kunnen veroorloven. Mijn stelling is dat we het ons niet kunnen veroorloven om het niet te doen. Voorts ben ik van mening dat er een einde moet komen aan de bio-industrie."
68ff1468-dc1c-405a-b7fd-349005446cd3,"100e vergadering, woensdag 26 juni 2013",2013-06-26T00:00:00,0976cf19-c7aa-4e76-94c8-3da57df199c0,Aanbevelingen Europese Commissie extra bezuinigingen,de aanbevelingen van de Europese Commissie voor Nederland om miljarden extra te bezuinigen (inclusief juniraming CPB),A. Slob,ChristenUnie,Lid Tweede Kamer,2013-06-26T10:56:09,2013-06-26T11:01:01,"De heer Slob (ChristenUnie): Voorzitter, ik weet niet of u dat ook weleens hebt, maar er zijn momenten waarop de politieke moed je in de schoenen zakt. Ik had dat bijvoorbeeld zaterdag een week geleden toen ik de Volkskrant opensloeg en zag dat de topsalarissen bij het bedrijfsleven weer zo explosief waren gestegen. Dan vraag je je echt af of die mensen wel doorhebben in welke tijd we leven en welk signaal hiervan uitgaat, niet alleen naar hun eigen werknemers maar ook naar de rest van deze samenleving. Ik had het ook een klein beetje afgelopen maandag. Er werd een beeld geschapen dat we het tijdens het debat over de raming alleen maar hebben gehad over dat boekenplankje daar. Volgens mij was er meer aan de orde. Ik heb het echter vooral als ik nadenk over de economie, de crisis waar we middenin zitten, de staat van ons land en de oplopende werkloosheid. De minister van Werkgelegenheid wordt de minister van Werkloosheid genoemd, omdat de cijfers omhooggaan. De economie krimpt. Het begrotingstekort loopt op. De staatsschuld gaat verder omhoog. Er is een sociaal akkoord, maar je vraagt je af of het er eigenlijk nog is. Het kraakt en het piept. Er is gedoe over de pensioenen, bijvoorbeeld in het afgelopen weekend. En dan ook nog een keer de opgave waar het kabinet zich voor stelt: niet meer de 3% maar nog een keer 6 miljard extra bezuinigen. Hoe komen we hier ooit uit? Hoe gaan we dit doen? En is er, naar de mens gesproken, nog iemand die de regie heeft? Dan kijk ik naar de minister-president, de primus inter paris van het kabinet. Hoe ziet hij zijn rol in dit proces? Hij beloofde in november vorig jaar hier in de Kamer tijdens het debat over de regeringsverklaring een duidelijke koers, doorbraken die Nederland over deze crisis heen sterker maken voor de toekomst. Maar waar staan we nu, maanden verder? Volgens mij zijn we alleen maar achteruitgeboerd. Ik loop al enige tijd rond in deze Kamer, maar ik kan mij eigenlijk niet heugen dat de situatie in het politieke speelveld zo ingewikkeld is geworden als nu. Het is een politiek mijnenveld geworden, misschien beter gezegd, een akkoordenmijnenveld. De regering kan zich volgens mij geen enkele misstap meer veroorloven. Maar is er nog iemand die de routekaart naar de overkant heeft? Ik kan de koers van het kabinet niet meer in alles volgen. Ik lees in de brief dat er geen algeheel begrotingsakkoord kan komen. Daar heb ik tot op zekere hoogte nog wel een beetje begrip voor, wetende hoe ver opvattingen soms uit elkaar kunnen liggen. Maar waarom ligt er nu niet op hoofdlijnen gewoon een lijstje van het kabinet van zaken waar het aan denkt als het gaat om bezuinigingen voor de begroting, waar we dan hier met elkaar een fatsoenlijk debat over kunnen voeren? In maart kon het wel, maar daar is een gat in geschoten, dat ook nog opgevuld moet worden; er moet dus nog extra geld bij. Waarom ligt er niet zo'n lijstje? Dan voeren we een fatsoenlijk debat. Dan kan de Kamer inzichten meegeven aan het kabinet. Dan respecteren we uiteraard dat er in augustus/september een begroting door het kabinet moet worden vastgesteld, maar dan heeft het ons wel maximaal meegenomen. En dat gebeurt nu niet, hetgeen we ten zeerste betreuren. Ik hoop dat als het kabinet aan het werk gaat — het schijnt dat de coalitiepartijen daar ook bij betrokken zijn — het ook beseft dat het op orde brengen van de begroting niet louter een boekhoudkundige exercitie moet zijn maar dat er vanuit een duidelijke visie moet worden gewerkt aan een duurzaam herstel van onze economie. Dat is meer dan overal wat geld bij elkaar schrapen om maar de cijfertjes op orde te krijgen. Ik hoop ook dat de minister-president doorheeft dat een eenzijdig inzetten op consumptie — kopen die auto! — en economische groei niet de oplossing is voor de crisis waarin we zitten die ten diepste een schuldencrisis is. Ik hoop dat er voldoende realiteitsbesef bij het kabinet is dat we op te grote voet, op te grote ecologische voet hebben geleefd en dat het niet meer wordt wat het was. Ik hoop dat de regering ook beseft dat er sprake zal moeten zijn van goede maatvoering, dat mensen niet boven hun vermogen belast worden. Ik heb het vaker gezegd en ik doe het nu opnieuw: dan is het wat ons betreft als het om de gezinnen gaat wel een keer genoeg geweest. Er is al heel veel op hen afgekomen, want al die verschillende soorten bezuinigingen raken gezinnen en met name gezinnen met opgroeiende kinderen hard. Wij zetten daar een duidelijke streep, ook als het gaat om voornemens, die we in ieder geval vanuit de media vernemen, tot weer nieuwe, extra bezuinigingen op de kindregelingen. Ik zou het kabinet willen waarschuwen om dat niet te doen, om het gezin niet als melkkoe te gebruiken."
68ff1468-dc1c-405a-b7fd-349005446cd3,"100e vergadering, woensdag 26 juni 2013",2013-06-26T00:00:00,0976cf19-c7aa-4e76-94c8-3da57df199c0,Aanbevelingen Europese Commissie extra bezuinigingen,de aanbevelingen van de Europese Commissie voor Nederland om miljarden extra te bezuinigen (inclusief juniraming CPB),A. Slob,ChristenUnie,Lid Tweede Kamer,2013-06-26T11:01:09,2013-06-26T11:01:43,De heer Slob (ChristenUnie): Kijkend naar de financiële plaatjes voor de afspraken die het kabinet heeft gemaakt over de kindregelingen valt dat overigens voor 2014 nog wel mee. Ik ben voornemens om na te gaan of we dat door middel van een amendement kunnen herstellen. Als we kijken naar 2015 en verder gaan de bedragen in een razendsnel tempo omhoog. Het is onze nadrukkelijke wens om te voorkomen dat dergelijke bedragen doorgevoerd gaan worden. Als er dan ook nog eens een kop bovenop gezet gaat worden om allerlei andere wensen te financieren — ik begrijp dat u daar wel interesse in hebt — dat is dat wat ons betreft echt onbespreekbaar.
68ff1468-dc1c-405a-b7fd-349005446cd3,"100e vergadering, woensdag 26 juni 2013",2013-06-26T00:00:00,0976cf19-c7aa-4e76-94c8-3da57df199c0,Aanbevelingen Europese Commissie extra bezuinigingen,de aanbevelingen van de Europese Commissie voor Nederland om miljarden extra te bezuinigen (inclusief juniraming CPB),A. Slob,ChristenUnie,Lid Tweede Kamer,2013-06-26T11:01:51,2013-06-26T11:02:51,"De heer Slob (ChristenUnie): Dat realiseer ik mij net zo goed als wanneer ik de heer Pechtold hoor spreken dat hij wil dat er heel veel extra geld naar onderwijs gaat; dat is volgens mij precies dezelfde redenering. Als dat gaat gebeuren, zal je voor dekking moeten zorgen. Het woord ""investeren"" wordt de laatste weken in ieder geval weer in de mond genomen. Ik vind dat wel goed. Ik begrijp dat er gezocht wordt naar middelen en dat men kijkt of er nog iets geïnvesteerd kan worden. Dat heeft onze welwillende belangstelling, maar het geld zal wel heel gericht moeten worden ingezet. Wij denken dan in het bijzonder aan de bouwsector. Ik zeg het maar gewoon hardop: als er extra middelen komen -- ik begrijp dat daarnaar gezocht wordt -- stel die dan beschikbaar aan de corporaties voor extra investeringen. Dat lijkt mij een uitstekend doel, zeker gezien de situatie waarin wij met elkaar zijn terechtgekomen."
68ff1468-dc1c-405a-b7fd-349005446cd3,"100e vergadering, woensdag 26 juni 2013",2013-06-26T00:00:00,0976cf19-c7aa-4e76-94c8-3da57df199c0,Aanbevelingen Europese Commissie extra bezuinigingen,de aanbevelingen van de Europese Commissie voor Nederland om miljarden extra te bezuinigen (inclusief juniraming CPB),D.M. Samsom,PvdA,Lid Tweede Kamer,2013-06-26T11:02:51,2013-06-26T11:04:04,"De heer Samsom (PvdA): Voorzitter. De CPB-raming, de aanbevelingen van de Europese Commissie, de brief van het kabinet die wij vorige week kregen: wie over de staat van de Nederlandse en internationale economie wil lezen, heeft genoeg mogelijkheden. Maar doorwrochte rapporten zijn eigenlijk niet nodig om de realiteit tot je door te laten dringen, want die is buiten voelbaar en zichtbaar. Te veel winkelpanden staan leeg, er staan te veel ""te koop""-borden in de straat, er staan te veel mensen aan het loket van de sociale dienst en er zijn te veel plekken waar wij de cijfers van het CPB kunnen voelen; die hoeven wij niet te lezen. De realiteit van de almaar aanhoudende economische tegenwind stelt ons land voor een nieuwe opdracht, terwijl de oude opdracht, de basisopdracht, de hervormingen uit het regeerakkoord, moeilijker wordt, nu de maatschappelijke en politieke bondgenoten -- een van hen staat al bij de interruptiemicrofoon -- zelf steeds nadrukkelijker in de wind komen te staan bij de soms moeilijke maatregelen die daarvoor genomen moeten worden."
68ff1468-dc1c-405a-b7fd-349005446cd3,"100e vergadering, woensdag 26 juni 2013",2013-06-26T00:00:00,0976cf19-c7aa-4e76-94c8-3da57df199c0,Aanbevelingen Europese Commissie extra bezuinigingen,de aanbevelingen van de Europese Commissie voor Nederland om miljarden extra te bezuinigen (inclusief juniraming CPB),D.M. Samsom,PvdA,Lid Tweede Kamer,2013-06-26T11:04:45,2013-06-26T11:05:56,"De heer Samsom (PvdA): Ik was betrokken bij dat debat. Het kabinet heeft aangegeven dat het daarvoor het gesprek wil aangaan met onder andere een aantal oppositiepartijen die de doelstellingen van het kabinet op hoofdlijnen delen. Het gaat daarbij om de begrotingsdoelstelling. Die gesprekken hebben plaatsgevonden en op grond daarvan heeft de minister van Financiën, in dezelfde brief waarnaar de heer Pechtold verwijst, de conclusie getrokken dat er geen breed akkoord mogelijk lijkt op dit moment. ""Zo snel als mogelijk"" was dus niet vandaag. Ik heb begrepen dat er morgen weer gesprekken zijn. Ik ben blij dat die doorgaan. De heer Pechtold heeft dat zelf ook aangegeven. Deze gesprekken blijven doorgaan. Om een akkoord conform de motie-Pechtold te bereiken, waar oppositiepartijen zich achter kunnen scharen, moet je wel met elkaar tot overeenstemming komen. De heer Slob zei het net heel aardig. Hij zei: ik kan mij voorstellen dat het niet gelukt is, gezien de grote verschillen, ook tussen de oppositiepartijen. Net bleek al even hoe dat zit bij bijvoorbeeld de kindregelingen. Eigenlijk moet de heer Pechtold het aan het kabinet vragen, maar mijn analyse is dat het kabinet het heeft geprobeerd en tot op heden zo ver is gekomen als de brief van afgelopen woensdag duidelijk maakt."
68ff1468-dc1c-405a-b7fd-349005446cd3,"100e vergadering, woensdag 26 juni 2013",2013-06-26T00:00:00,0976cf19-c7aa-4e76-94c8-3da57df199c0,Aanbevelingen Europese Commissie extra bezuinigingen,de aanbevelingen van de Europese Commissie voor Nederland om miljarden extra te bezuinigen (inclusief juniraming CPB),D.M. Samsom,PvdA,Lid Tweede Kamer,2013-06-26T11:06:52,2013-06-26T11:08:05,"De heer Samsom (PvdA): Ja, het kabinet heeft dat gedaan voor zover het daar mogelijkheden toe had. Het concrete voorstel dat is gedaan -- niet onbelangrijk overigens -- luidt: we houden het bij 6 miljard, daar blijft het bij, ook als het economisch verder tegenzit. Dat is een concreet voorstel dat belangrijk is, waar heel Nederland een tijdje omheen heeft lopen draaien, inclusief een aantal politieke partijen. Ik ben ook benieuw wat de heer Pechtold daarvan vindt. In zijn bijdrage in eerste termijn was hij daar ambivalent over. Ik ben nog steeds benieuwd wat D66 nu vindt van de uitspraak ""6 miljard, en daar blijft het bij"". Verder is aangegeven dat het pakket van 1 maart als basis dient voor de invulling daarvan. Dat zijn al twee vrij grote, concrete voorstellen. Het is mogelijk dat de heer Pechtold nieuwe voorstellen ter aanvulling heeft. Dit debat kan er volgens mij ook toe dienen om ervoor te zorgen dat we richting augustus, want dan is de besluitvorming pas echt mogelijk, tot een begroting komen. De heer Pechtold zei het net in zijn eigen bijdrage al heel helder. Hij zei: maak het nu gewoon helemaal duidelijk of houd het voor je. Duidelijkheid is pas in augustus mogelijk, omdat nog een aantal cijfers en een aantal ramingen op dat moment binnen kunnen komen. ""Houd het voor je"", is dan dus het advies dat de heer Pechtold in zijn bijdrage in eerste termijn gaf. Daar is voor een deel aan tegemoetgekomen, en voor een deel zijn er ook gewoon belangrijke keuzes gemaakt."
68ff1468-dc1c-405a-b7fd-349005446cd3,"100e vergadering, woensdag 26 juni 2013",2013-06-26T00:00:00,0976cf19-c7aa-4e76-94c8-3da57df199c0,Aanbevelingen Europese Commissie extra bezuinigingen,de aanbevelingen van de Europese Commissie voor Nederland om miljarden extra te bezuinigen (inclusief juniraming CPB),D.M. Samsom,PvdA,Lid Tweede Kamer,2013-06-26T11:09:16,2013-06-26T11:09:53,"De heer Samsom (PvdA): Ik heb al antwoord op die vraag gegeven. Ja, ik vind dat het kabinet die motie naar vermogen heeft uitgevoerd. Ik ben blij dat de heer Pechtold antwoord geeft op de vraag. Het blijkt dus ook andersom te kunnen. Dat is mooi in een debat. Wat dat betreft, komen we dus gewoon tot elkaar. D66 vindt 6 miljard dus ook gewoon een goed idee."
68ff1468-dc1c-405a-b7fd-349005446cd3,"100e vergadering, woensdag 26 juni 2013",2013-06-26T00:00:00,0976cf19-c7aa-4e76-94c8-3da57df199c0,Aanbevelingen Europese Commissie extra bezuinigingen,de aanbevelingen van de Europese Commissie voor Nederland om miljarden extra te bezuinigen (inclusief juniraming CPB),D.M. Samsom,PvdA,Lid Tweede Kamer,2013-06-26T11:10:04,2013-06-26T11:10:55,"De heer Samsom (PvdA): Ik zei het niet letterlijk, ik zei het niet bijna letterlijk, ik zei het niet een beetje, ik zei het helemaal niet. Ik zei dat het kabinet niet in staat was om nu al een pakket neer te leggen. Maar het kabinet is wel degelijk in staat om te regeren door in augustus een begroting te maken, waarin 6 miljard moet worden bezuinigd, ook als het economisch verder tegenzit. Die keuze staat nu al wel vast. Ik ben ook benieuwd wat de andere partijen daarvan vinden. De basis daarvan is het pakket dat op 1 maart al vrij gedetailleerd is gepresenteerd en waar inmiddels alleen de nullijn van de zorg uit is gevallen. Dat zijn heldere keuzes. Dat is een heldere voorzet die al over meer dan de helft van die 6 miljard gaat. Het kabinet is wel degelijk in staat om te regeren. Ik antwoordde slechts op de vraag van de heer Pechtold of de hele motie is uitgevoerd. Dat is naar vermogen gebeurd."
68ff1468-dc1c-405a-b7fd-349005446cd3,"100e vergadering, woensdag 26 juni 2013",2013-06-26T00:00:00,0976cf19-c7aa-4e76-94c8-3da57df199c0,Aanbevelingen Europese Commissie extra bezuinigingen,de aanbevelingen van de Europese Commissie voor Nederland om miljarden extra te bezuinigen (inclusief juniraming CPB),D.M. Samsom,PvdA,Lid Tweede Kamer,2013-06-26T11:11:00,2013-06-26T11:11:06,De heer Samsom (PvdA): De vraag was wat ik daarvan vond. Mijn opvatting is dat de motie naar vermogen is uitgevoerd.
68ff1468-dc1c-405a-b7fd-349005446cd3,"100e vergadering, woensdag 26 juni 2013",2013-06-26T00:00:00,0976cf19-c7aa-4e76-94c8-3da57df199c0,Aanbevelingen Europese Commissie extra bezuinigingen,de aanbevelingen van de Europese Commissie voor Nederland om miljarden extra te bezuinigen (inclusief juniraming CPB),D.M. Samsom,PvdA,Lid Tweede Kamer,2013-06-26T11:11:25,2013-06-26T11:11:45,De heer Samsom (PvdA): Dat moet u toch echt aan het kabinet vragen. Ik constateer dat die motie naar vermogen is uitgevoerd. U zegt dat die niet is uitgevoerd. Daarover verschillen wij dus al van mening. Dan moet u uw vraag echt voorleggen aan het kabinet.
68ff1468-dc1c-405a-b7fd-349005446cd3,"100e vergadering, woensdag 26 juni 2013",2013-06-26T00:00:00,0976cf19-c7aa-4e76-94c8-3da57df199c0,Aanbevelingen Europese Commissie extra bezuinigingen,de aanbevelingen van de Europese Commissie voor Nederland om miljarden extra te bezuinigen (inclusief juniraming CPB),D.M. Samsom,PvdA,Lid Tweede Kamer,2013-06-26T11:12:04,2013-06-26T11:12:42,"De heer Samsom (PvdA): De koopkrachtcijfers vanuit het regeerakkoord zijn helder. Die staan ook duidelijk in de doorrekeningen van het Centraal Planbureau. Daaruit blijkt dat de lage inkomens er in koopkracht iets op vooruit gaan en dat de middeninkomens er in koopkracht bijna op vooruit gaan. Zij blijven op nul staan, dat is dus niet een aanslag op hun koopkracht. Daaruit blijkt verder dat de hoge inkomens inderdaad vrij fors inleveren. Ja, dat is een keuze die deze coalitie heeft gemaakt. Die raakt dus niet de middeninkomens maar vooral de hoge inkomens en ontziet de lage inkomens. In een tijd van recessie is dat een belangrijke en wat mij betreft ook zeer goede keuze."
68ff1468-dc1c-405a-b7fd-349005446cd3,"100e vergadering, woensdag 26 juni 2013",2013-06-26T00:00:00,0976cf19-c7aa-4e76-94c8-3da57df199c0,Aanbevelingen Europese Commissie extra bezuinigingen,de aanbevelingen van de Europese Commissie voor Nederland om miljarden extra te bezuinigen (inclusief juniraming CPB),D.M. Samsom,PvdA,Lid Tweede Kamer,2013-06-26T11:13:49,2013-06-26T11:14:41,"De heer Samsom (PvdA): Ja, dat heb ik gisteren ook in een interview gedaan. Als je bij de zorg wilt kijken, dan kan dat wel. Dan moet je het wel zoeken in de systemen, niet in de patiënten. Fraude en verspilling zijn op dat terrein belangrijke posten waar je nog veel kunt halen. Het is aan het kabinet om uit te zoeken hoeveel dat is. Als je kijkt naar toeslagen, dan zou dat kunnen, maar altijd conform de pijler van het regeerakkoord eerlijk delen. Dus dan zou je het bij de hogere inkomens moeten zoeken. Ook dat kan. Niet al te veel is daar. Van de uitkeringen hebben wij gezegd dat wij de rekening van deze crisis niet leggen bij de lage inkomens. Dat is helder. Dat is ook afgesproken in het regeerakkoord. Aan die afspraak houden wij ons onverkort. Dus dan hebt u uw antwoord op de vraag waar het volgens ons kan worden gehaald. In de zorg, ja, zij het niet bij de patiënten maar bij de systemen en de instellingen."
68ff1468-dc1c-405a-b7fd-349005446cd3,"100e vergadering, woensdag 26 juni 2013",2013-06-26T00:00:00,0976cf19-c7aa-4e76-94c8-3da57df199c0,Aanbevelingen Europese Commissie extra bezuinigingen,de aanbevelingen van de Europese Commissie voor Nederland om miljarden extra te bezuinigen (inclusief juniraming CPB),D.M. Samsom,PvdA,Lid Tweede Kamer,2013-06-26T11:15:16,2013-06-26T11:15:47,"De heer Samsom (PvdA): Ik heb ook in een interview daarvoor al eens gezegd dat het onvruchtbaar is om al te veel zaken uit te sluiten. De principes staan er helder. Eerlijk delen blijft staan, de begroting op orde brengen, waaraan wij nu een invulling hebben gegeven, en ook investeren, pijler 2. Investeren in de economie. Daarover heb ik gisteren ook het een en ander gezegd. Dat zijn de uitgangspunten waar de Partij van de Arbeid voor staat bij de verdere invulling van dat pakket van 6 miljard. Die uitgangspunten kent u. Die kent het kabinet ook. Ik ga ervan uit dat wij ons daaraan houden."
68ff1468-dc1c-405a-b7fd-349005446cd3,"100e vergadering, woensdag 26 juni 2013",2013-06-26T00:00:00,0976cf19-c7aa-4e76-94c8-3da57df199c0,Aanbevelingen Europese Commissie extra bezuinigingen,de aanbevelingen van de Europese Commissie voor Nederland om miljarden extra te bezuinigen (inclusief juniraming CPB),D.M. Samsom,PvdA,Lid Tweede Kamer,2013-06-26T11:16:19,2013-06-26T11:17:12,"De heer Samsom (PvdA): Nou, nee. De heer Van Ojik schetst wel heel helder het dilemma. Als je gaat investeren met overheidsgeld, moet je vervolgens weer extra bezuinigen om de begroting op orde te brengen. Dat is dus ook niet wat ik gisteren heb voorgesteld. Ik heb voorgesteld om te kijken naar de stille reserves in Nederland, met name van pensioenfondsen en woningbouwcorporaties, en om hen te verleiden, op welke manier dan ook, om investeringen te plegen. Bij de overheid is er geldgebrek. Geld uitgeven dat je niet hebt, is niet zo verstandig. Geld uitgeven dat er wel is en dat stilligt, is wel verstandig. Schulden maken is dan weer heel onverstandig. Ook de heer Slob heeft dat zojuist gezegd. Met andere woorden, je moet er wel verantwoord mee omgaan. Daar heb ik gisteren een aantal voorzetten voor gegeven. Ik hoop dat we dit zullen terugzien in het antwoord dat dit kabinet geeft in augustus. Ik verwacht dat ook, want ik heb tevens in de brief gelezen dat we dit zullen terugzien."
68ff1468-dc1c-405a-b7fd-349005446cd3,"100e vergadering, woensdag 26 juni 2013",2013-06-26T00:00:00,0976cf19-c7aa-4e76-94c8-3da57df199c0,Aanbevelingen Europese Commissie extra bezuinigingen,de aanbevelingen van de Europese Commissie voor Nederland om miljarden extra te bezuinigen (inclusief juniraming CPB),D.M. Samsom,PvdA,Lid Tweede Kamer,2013-06-26T11:18:01,2013-06-26T11:19:03,"De heer Samsom (PvdA): De Partij van de Arbeid heeft altijd gezegd dat de begroting op orde brengen een onderdeel is van verantwoord beleid voor de toekomst. Elk jaar meer dan 20 miljard euro meer uitgeven dan we binnenkrijgen — dat doen we inmiddels al vele jaren — houden we gewoon niet lang vol. De Partij van de Arbeid heeft ook altijd aangegeven dat een focus op een zeker begrotingssaldo niet altijd verstandig hoeft te zijn. Die 3% is wat ons betreft dus geen heilige norm, niet in 2012, niet in 2013 en ook niet in 2014. Die laten we dus los. Maar er is natuurlijk alle reden om een stap te zetten in begrotingsherstel op het moment dat de economie weer een beetje groeit. Dat is in 2014 het geval. Het is onverstandig om de begroting jaar na jaar na jaar zover uit de hand te laten lopen. Wij zetten dan niet een te grote of een te haastige stap, maar wij zetten een verstandige stap richting begrotingsherstel. Dat is al moeilijk genoeg. Ik ben blij dat het kabinet duidelijkheid heeft geschapen. Het is 6 miljard en dat is het."
68ff1468-dc1c-405a-b7fd-349005446cd3,"100e vergadering, woensdag 26 juni 2013",2013-06-26T00:00:00,0976cf19-c7aa-4e76-94c8-3da57df199c0,Aanbevelingen Europese Commissie extra bezuinigingen,de aanbevelingen van de Europese Commissie voor Nederland om miljarden extra te bezuinigen (inclusief juniraming CPB),D.M. Samsom,PvdA,Lid Tweede Kamer,2013-06-26T11:20:03,2013-06-26T11:21:00,"De heer Samsom (PvdA): Het is de heer Roemer die de boel belazert door allerlei dingen uit hun verband te trekken. Het spijt me, maar dat is wel het geval. In 2012 gaf de Partij van de Arbeid aan dat je niet in 2013 coûte que coûte naar die 3% moest willen, maar dat je wel een stap moest zetten richting begrotingsherstel. Precies datgene is gebeurd in 2013. In ons verkiezingsprogramma gaven we aan dat je de 3% in 2014 zou kunnen halen als de groeicijfers enigszins op orde zouden blijven. Die groeicijfers zijn echter niet op orde gebleven. De internationale tegenwind houdt langer aan. Conform een consistent verhaal dat we altijd hebben gehouden, richten we ons niet coûte que coûte op die 3% maar zetten we wel een verantwoorde forse stap richting begrotingsherstel. Dat is het verhaal dat de PvdA in 2012 hield. Dat is het verhaal dat ik nu houd. Het is precies hetzelfde."
68ff1468-dc1c-405a-b7fd-349005446cd3,"100e vergadering, woensdag 26 juni 2013",2013-06-26T00:00:00,0976cf19-c7aa-4e76-94c8-3da57df199c0,Aanbevelingen Europese Commissie extra bezuinigingen,de aanbevelingen van de Europese Commissie voor Nederland om miljarden extra te bezuinigen (inclusief juniraming CPB),D.M. Samsom,PvdA,Lid Tweede Kamer,2013-06-26T11:22:05,2013-06-26T11:22:53,"De heer Samsom (PvdA): Zeker, voorzitter. Ik doe het weer. Ik zeg weer dat je geen sprintje moet trekken naar de 3% en dat doen wij dus ook niet. Ik heb dat zinnetje overigens niet zelf verzonnen. Het kwam van Olli Rehn, begin 2012. Toen gaf hij al aan dat het pact niet dom is en dat dit niet noodzaakt tot overhaaste bewegingen als dat onverstandig zou zijn. Precies dat hebben we gezien in 2013. Precies dat zien wij in 2014 ook. Jazeker, ik doe het weer. Ik zeg weer dat ik me wil houden aan de afspraken die wij in Europa hebben gemaakt, omdat dit belangrijk is voor de onderlinge samenhang, voor de kracht van Europa als geheel. Als die afspraken nopen tot maatregelen, houd ik mij daaraan. Ja, dat doe ik weer."
68ff1468-dc1c-405a-b7fd-349005446cd3,"100e vergadering, woensdag 26 juni 2013",2013-06-26T00:00:00,0976cf19-c7aa-4e76-94c8-3da57df199c0,Aanbevelingen Europese Commissie extra bezuinigingen,de aanbevelingen van de Europese Commissie voor Nederland om miljarden extra te bezuinigen (inclusief juniraming CPB),D.M. Samsom,PvdA,Lid Tweede Kamer,2013-06-26T11:23:09,2013-06-26T11:23:31,"De heer Samsom (PvdA): Ik geloof dat we de afgelopen tien jaar 88 synoniemen hebben gevonden voor het verlagen van uitkeringen. Zoals de Eskimo's 88 woorden hebben voor sneeuw, hebben de Nederlanders 88 woorden verzonnen voor het verlagen van de uitkeringen. Ontkoppelen is er één van. Ik heb al gezegd dat wij de rekening niet neerleggen bij de mensen met de lage inkomens."
68ff1468-dc1c-405a-b7fd-349005446cd3,"100e vergadering, woensdag 26 juni 2013",2013-06-26T00:00:00,0976cf19-c7aa-4e76-94c8-3da57df199c0,Aanbevelingen Europese Commissie extra bezuinigingen,de aanbevelingen van de Europese Commissie voor Nederland om miljarden extra te bezuinigen (inclusief juniraming CPB),D.M. Samsom,PvdA,Lid Tweede Kamer,2013-06-26T11:23:57,2013-06-26T11:24:51,"De heer Samsom (PvdA): Nee, die toezegging kan ik op dit moment niet doen. We verschillen van mening over de kindregelingen, wat daarin zit en wat er nog uit kan op een verstandige manier. Ik begrijp en respecteer dat de ChristenUnie daar anders over denkt dan de PvdA. We hebben in het regeerakkoord een grote stap gezet. Ik zeg het de ChristenUnie na: veel meer er nog bij verzinnen is niet eenvoudig. Maar ik sluit het niet uit dat het mogelijk is om op een verstandige manier in die kindregelingen nog meer stroomlijning aan te brengen dan nu al het geval is. We hadden negen regelingen. Er komen er nu drie of vier, maar eigenlijk zou je het met twee moeten doen, eentje voor inkomensondersteuning en eentje om de participatie te bevorderen. Als het mogelijk blijkt om extra uitgaven te verminderen en daarmee andere investeringen te doen, zeg ik niet op voorhand nee."
68ff1468-dc1c-405a-b7fd-349005446cd3,"100e vergadering, woensdag 26 juni 2013",2013-06-26T00:00:00,0976cf19-c7aa-4e76-94c8-3da57df199c0,Aanbevelingen Europese Commissie extra bezuinigingen,de aanbevelingen van de Europese Commissie voor Nederland om miljarden extra te bezuinigen (inclusief juniraming CPB),D.M. Samsom,PvdA,Lid Tweede Kamer,2013-06-26T11:25:10,2013-06-26T11:25:28,"De heer Samsom (PvdA): Als de heer Slob het zo hard stelt: ik kan inderdaad niet tegen elke groep in Nederland zeggen dat die wordt ontzien. Dat kan ik niet, maar dat kan de heer Slob ook niet. Dat kan op dit moment niemand in deze economische realiteit. Dat doe ik dus ook niet. Ik zeg wel dat wij de rekening niet neerleggen bij de laagste inkomens."
